timestamp_s,prompt_length,max_new_tokens,second,index_in_second
0.6,65,80,0,0
45.0,77,80,45,0
45.4,1,80,45,1
46.0,105,80,46,0
46.4,48,80,46,1
46.8,42,80,46,2
47.111,33,80,47,0
48.381,57,80,48,0
48.524,80,80,48,1
48.572,68,80,48,2
49.0,71,80,49,0
49.039,81,80,49,1
49.079,69,80,49,2
49.237,73,80,49,3
49.316,54,80,49,4
49.513,52,80,49,5
49.553,95,80,49,6
49.632,66,80,49,7
50.033,125,80,50,0
50.133,103,80,50,1
50.3,30,80,50,2
50.467,26,80,50,3
50.733,56,80,50,4
51.115,94,80,51,0
51.173,56,80,51,1
51.431,104,80,51,2
51.632,55,80,51,3
51.661,120,80,51,4
52.173,82,80,52,0
52.345,30,80,52,1
52.402,74,80,52,2
52.546,116,80,52,3
52.575,72,80,52,4
52.661,64,80,52,5
52.719,102,80,52,6
52.776,139,80,52,7
53.025,95,80,53,0
53.101,44,80,53,1
53.202,86,80,53,2
53.278,88,80,53,3
53.303,66,80,53,4
53.328,87,80,53,5
53.454,36,80,53,6
53.554,48,80,53,7
53.63,85,80,53,8
53.655,39,80,53,9
53.781,25,80,53,10
54.0,82,80,54,0
54.067,50,80,54,1
54.135,79,80,54,2
54.157,57,80,54,3
54.224,74,80,54,4
54.359,92,80,54,5
54.381,75,80,54,6
54.449,112,80,54,7
55.04,93,80,55,0
55.061,82,80,55,1
55.081,53,80,55,2
55.121,133,80,55,3
55.404,47,80,55,4
55.464,69,80,55,5
55.546,47,80,55,6
55.566,69,80,55,7
55.707,44,80,55,8
55.728,114,80,55,9
56.129,57,80,56,0
56.165,76,80,56,1
56.202,59,80,56,2
56.239,115,80,56,3
56.331,75,80,56,4
56.367,100,80,56,5
56.386,70,80,56,6
56.422,93,80,56,7
56.551,91,80,56,8
56.643,108,80,56,9
56.661,111,80,56,10
56.808,91,80,56,11
56.827,78,80,56,12
57.169,138,80,57,0
57.185,64,80,57,1
57.236,67,80,57,2
57.27,111,80,57,3
57.337,112,80,57,4
57.438,102,80,57,5
57.488,95,80,57,6
57.555,100,80,57,7
57.69,106,80,57,8
57.74,133,80,57,9
57.774,104,80,57,10
57.808,121,80,57,11
57.825,80,80,57,12
57.858,91,80,57,13
57.892,84,80,57,14
58.084,54,80,58,0
58.101,68,80,58,1
58.118,65,80,58,2
58.135,109,80,58,3
58.388,116,80,58,4
58.404,42,80,58,5
58.438,76,80,58,6
58.472,79,80,58,7
58.505,104,80,58,8
58.572,13,80,58,9
58.589,61,80,58,10
58.606,90,80,58,11
58.656,56,80,58,12
58.707,155,80,58,13
58.842,76,80,58,14
58.892,32,80,58,15
59.109,100,80,59,0
59.249,46,80,59,1
59.264,117,80,59,2
59.295,30,80,59,3
59.357,69,80,59,4
59.389,110,80,59,5
59.59,106,80,59,6
59.715,42,80,59,7
59.761,59,80,59,8
59.777,90,80,59,9
59.823,18,80,59,10
59.854,81,80,59,11
59.87,98,80,59,12
59.886,75,80,59,13
59.901,64,80,59,14
59.917,102,80,59,15
60.0,167,80,60,0
60.072,2,80,60,1
60.087,96,80,60,2
60.188,109,80,60,3
60.202,78,80,60,4
60.217,60,80,60,5
60.245,62,80,60,6
60.274,87,80,60,7
60.332,31,80,60,8
60.361,94,80,60,9
60.448,89,80,60,10
60.49,89,80,60,11
60.519,92,80,60,12
60.663,109,80,60,13
60.692,83,80,60,14
60.706,68,80,60,15
60.75,139,80,60,16
60.865,61,80,60,17
60.923,139,80,60,18
61.054,84,80,61,0
61.121,83,80,61,1
61.175,93,80,61,2
61.269,91,80,61,3
61.336,90,80,61,4
61.35,24,80,61,5
61.404,56,80,61,6
61.418,54,80,61,7
61.431,46,80,61,8
61.444,71,80,61,9
61.646,109,80,61,10
61.659,91,80,61,11
61.686,122,80,61,12
61.781,48,80,61,13
61.808,9,80,61,14
61.834,19,80,61,15
61.875,88,80,61,16
62.051,94,80,62,0
62.076,54,80,62,1
62.126,59,80,62,2
62.138,63,80,62,3
62.164,124,80,62,4
62.214,60,80,62,5
62.227,107,80,62,6
62.328,74,80,62,7
62.353,68,80,62,8
62.429,118,80,62,9
62.467,41,80,62,10
62.631,77,80,62,11
62.681,125,80,62,12
62.694,50,80,62,13
62.706,71,80,62,14
62.719,91,80,62,15
62.795,114,80,62,16
62.845,107,80,62,17
62.858,67,80,62,18
62.896,68,80,62,19
62.908,135,80,62,20
63.024,66,80,63,0
63.047,140,80,63,1
63.119,47,80,63,2
63.143,50,80,63,3
63.19,91,80,63,4
63.202,71,80,63,5
63.214,85,80,63,6
63.308,104,80,63,7
63.344,120,80,63,8
63.368,96,80,63,9
63.392,103,80,63,10
63.404,108,80,63,11
63.498,37,80,63,12
63.51,81,80,63,13
63.593,47,80,63,14
63.665,71,80,63,15
63.689,131,80,63,16
63.724,110,80,63,17
63.736,58,80,63,18
63.783,91,80,63,19
63.807,90,80,63,20
63.83,52,80,63,21
63.842,126,80,63,22
63.878,71,80,63,23
63.89,61,80,63,24
63.902,60,80,63,25
64.047,32,80,64,0
64.059,63,80,64,1
64.071,81,80,64,2
64.083,115,80,64,3
64.119,75,80,64,4
64.143,52,80,64,5
64.166,35,80,64,6
64.19,101,80,64,7
64.202,100,80,64,8
64.214,59,80,64,9
64.226,103,80,64,10
64.32,68,80,64,11
64.368,41,80,64,12
64.38,110,80,64,13
64.404,60,80,64,14
64.498,53,80,64,15
64.51,64,80,64,16
64.605,103,80,64,17
64.617,87,80,64,18
64.629,57,80,64,19
64.665,113,80,64,20
64.689,65,80,64,21
64.701,73,80,64,22
64.724,90,80,64,23
64.878,99,80,64,24
64.914,68,80,64,25
65.09,88,80,65,0
65.112,66,80,65,1
65.157,82,80,65,2
65.246,116,80,65,3
65.257,75,80,65,4
65.302,86,80,65,5
65.336,130,80,65,6
65.359,54,80,65,7
65.37,78,80,65,8
65.437,136,80,65,9
65.46,93,80,65,10
65.526,94,80,65,11
65.56,71,80,65,12
65.605,96,80,65,13
65.728,98,80,65,14
65.785,65,80,65,15
65.896,57,80,65,16
66.011,7,80,66,0
66.022,117,80,66,1
66.045,82,80,66,2
66.067,96,80,66,3
66.079,108,80,66,4
66.168,136,80,66,5
66.201,70,80,66,6
66.224,143,80,66,7
66.269,72,80,66,8
66.28,116,80,66,9
66.37,84,80,66,10
66.392,56,80,66,11
66.537,121,80,66,12
66.549,9,80,66,13
66.582,101,80,66,14
66.594,79,80,66,15
66.605,67,80,66,16
66.672,86,80,66,17
66.684,62,80,66,18
66.717,73,80,66,19
66.751,85,80,66,20
66.785,99,80,66,21
66.807,19,80,66,22
66.874,18,80,66,23
66.896,13,80,66,24
66.907,78,80,66,25
66.919,83,80,66,26
67.056,59,80,67,0
67.079,103,80,67,1
67.124,85,80,67,2
67.179,73,80,67,3
67.314,17,80,67,4
67.415,128,80,67,5
67.449,110,80,67,6
67.482,91,80,67,7
67.549,70,80,67,8
67.56,100,80,67,9
67.616,45,80,67,10
67.684,79,80,67,11
67.74,57,80,67,12
67.762,56,80,67,13
67.773,21,80,67,14
67.785,91,80,67,15
67.807,37,80,67,16
67.818,98,80,67,17
67.852,66,80,67,18
67.863,56,80,67,19
67.885,94,80,67,20
68.012,57,80,68,0
68.035,56,80,68,1
68.083,21,80,68,2
68.131,170,80,68,3
68.155,61,80,68,4
68.226,67,80,68,5
68.296,78,80,68,6
68.38,115,80,68,7
68.416,92,80,68,8
68.428,108,80,68,9
68.463,82,80,68,10
68.475,85,80,68,11
68.487,78,80,68,12
68.498,86,80,68,13
68.522,55,80,68,14
68.593,77,80,68,15
68.617,72,80,68,16
68.629,43,80,68,17
68.677,118,80,68,18
68.748,96,80,68,19
68.818,37,80,68,20
68.902,75,80,68,21
69.119,94,80,69,0
69.19,85,80,69,1
69.202,48,80,69,2
69.214,72,80,69,3
69.226,67,80,69,4
69.296,99,80,69,5
69.356,90,80,69,6
69.368,41,80,69,7
69.404,98,80,69,8
69.416,72,80,69,9
69.44,82,80,69,10
69.487,153,80,69,11
69.498,106,80,69,12
69.51,143,80,69,13
69.641,95,80,69,14
69.665,135,80,69,15
69.689,61,80,69,16
69.701,95,80,69,17
69.724,134,80,69,18
69.807,61,80,69,19
69.83,120,80,69,20
69.842,100,80,69,21
69.89,94,80,69,22
69.926,45,80,69,23
69.938,85,80,69,24
70.076,107,80,70,0
70.088,69,80,70,1
70.24,68,80,70,2
70.278,83,80,70,3
70.303,55,80,70,4
70.366,59,80,70,5
70.404,77,80,70,6
70.416,112,80,70,7
70.429,50,80,70,8
70.442,61,80,70,9
70.492,114,80,70,10
70.504,63,80,70,11
70.542,58,80,70,12
70.58,56,80,70,13
70.605,42,80,70,14
70.618,77,80,70,15
70.669,118,80,70,16
70.681,96,80,70,17
70.694,142,80,70,18
70.706,138,80,70,19
70.757,96,80,70,20
70.795,134,80,70,21
70.896,121,80,70,22
71.076,74,80,71,0
71.101,57,80,71,1
71.189,119,80,71,2
71.227,72,80,71,3
71.278,44,80,71,4
71.303,118,80,71,5
71.315,61,80,71,6
71.391,108,80,71,7
71.404,98,80,71,8
71.467,60,80,71,9
71.492,87,80,71,10
71.504,108,80,71,11
71.631,74,80,71,12
71.681,34,80,71,13
71.769,60,80,71,14
71.795,97,80,71,15
71.807,66,80,71,16
71.82,109,80,71,17
71.871,68,80,71,18
71.883,46,80,71,19
71.933,80,80,71,20
72.04,86,80,72,0
72.054,44,80,72,1
72.121,74,80,72,2
72.148,13,80,72,3
72.242,59,80,72,4
72.269,57,80,72,5
72.323,56,80,72,6
72.35,86,80,72,7
72.431,129,80,72,8
72.525,102,80,72,9
72.538,31,80,72,10
72.592,148,80,72,11
72.605,72,80,72,12
72.673,64,80,72,13
72.794,88,80,72,14
72.875,68,80,72,15
72.888,69,80,72,16
73.027,116,80,73,0
73.04,1,80,73,1
73.067,37,80,73,2
73.08,20,80,73,3
73.094,59,80,73,4
73.108,109,80,73,5
73.148,23,80,73,6
73.256,73,80,73,7
73.269,95,80,73,8
73.31,65,80,73,9
73.336,63,80,73,10
73.363,101,80,73,11
73.377,86,80,73,12
73.39,120,80,73,13
73.404,71,80,73,14
73.458,114,80,73,15
73.485,50,80,73,16
73.511,79,80,73,17
73.538,61,80,73,18
73.551,53,80,73,19
73.578,49,80,73,20
73.633,74,80,73,21
73.821,88,80,73,22
73.834,113,80,73,23
73.848,106,80,73,24
73.875,35,80,73,25
74.013,88,80,74,0
74.148,35,80,74,1
74.202,52,80,74,2
74.215,65,80,74,3
74.323,119,80,74,4
74.458,118,80,74,5
74.498,71,80,74,6
74.619,113,80,74,7
74.7,121,80,74,8
74.727,54,80,74,9
74.767,67,80,74,10
74.808,109,80,74,11
74.821,93,80,74,12
74.848,107,80,74,13
74.875,86,80,74,14
74.902,72,80,74,15
74.915,90,80,74,16
75.043,114,80,75,0
75.058,72,80,75,1
75.072,83,80,75,2
75.101,119,80,75,3
75.115,86,80,75,4
75.144,92,80,75,5
75.159,116,80,75,6
75.245,101,80,75,7
75.303,93,80,75,8
75.347,116,80,75,9
75.39,49,80,75,10
75.448,128,80,75,11
75.519,136,80,75,12
75.548,134,80,75,13
75.562,40,80,75,14
75.576,62,80,75,15
75.605,107,80,75,16
75.62,86,80,75,17
75.649,27,80,75,18
75.678,88,80,75,19
75.692,50,80,75,20
75.721,46,80,75,21
75.793,81,80,75,22
75.808,131,80,75,23
75.822,93,80,75,24
75.851,134,80,75,25
76.029,77,80,76,0
76.101,71,80,76,1
76.13,9,80,76,2
76.318,29,80,76,3
76.39,129,80,76,4
76.419,60,80,76,5
76.562,144,80,76,6
76.576,96,80,76,7
76.605,102,80,76,8
76.706,94,80,76,9
76.822,80,80,76,10
76.836,111,80,76,11
76.851,50,80,76,12
76.865,81,80,76,13
76.894,106,80,76,14
77.077,113,80,77,0
77.14,75,80,77,1
77.264,52,80,77,2
77.342,31,80,77,3
77.451,106,80,77,4
77.497,100,80,77,5
77.606,119,80,77,6
77.777,82,80,77,7
77.886,73,80,77,8
78.062,57,80,78,0
78.218,104,80,78,1
78.264,104,80,78,2
78.295,27,80,78,3
78.326,60,80,78,4
78.342,48,80,78,5
78.42,96,80,78,6
78.451,61,80,78,7
78.513,93,80,78,8
78.559,97,80,78,9
78.575,48,80,78,10
78.637,124,80,78,11
78.886,66,80,78,12
79.152,64,80,79,0
79.185,86,80,79,1
79.253,89,80,79,2
79.32,135,80,79,3
79.455,90,80,79,4
79.488,105,80,79,5
79.522,102,80,79,6
79.555,15,80,79,7
79.589,120,80,79,8
79.623,48,80,79,9
79.639,83,80,79,10
79.707,84,80,79,11
79.842,60,80,79,12
79.858,103,80,79,13
79.875,69,80,79,14
79.892,60,80,79,15
80.101,151,80,80,0
80.185,104,80,80,1
80.202,99,80,80,2
80.219,65,80,80,3
80.337,75,80,80,4
80.371,102,80,80,5
80.388,79,80,80,6
80.404,63,80,80,7
80.472,53,80,80,8
80.522,132,80,80,9
80.572,66,80,80,10
80.589,57,80,80,11
80.606,52,80,80,12
80.639,150,80,80,13
80.656,96,80,80,14
80.673,44,80,80,15
80.69,11,80,80,16
80.757,47,80,80,17
80.808,71,80,80,18
80.825,130,80,80,19
81.018,151,80,81,0
81.055,99,80,81,1
81.129,35,80,81,2
81.184,46,80,81,3
81.349,74,80,81,4
81.661,115,80,81,5
81.845,106,80,81,6
82.0,108,80,82,0
82.11,140,80,82,1
82.276,49,80,82,2
82.404,114,80,82,3
82.459,57,80,82,4
82.551,75,80,82,5
82.606,117,80,82,6
82.753,101,80,82,7
82.771,44,80,82,8
82.845,54,80,82,9
82.863,108,80,82,10
82.9,90,80,82,11
83.04,143,80,83,0
83.061,86,80,83,1
83.202,65,80,83,2
83.283,86,80,83,3
83.383,77,80,83,4
83.464,107,80,83,5
83.627,97,80,83,6
84.061,73,80,84,0
84.202,74,80,84,1
84.222,18,80,84,2
84.242,56,80,84,3
84.383,87,80,84,4
84.424,77,80,84,5
84.444,109,80,84,6
84.464,98,80,84,7
84.485,103,80,84,8
84.505,89,80,84,9
84.525,56,80,84,10
84.627,71,80,84,11
84.667,142,80,84,12
84.728,125,80,84,13
85.222,63,80,85,0
85.262,20,80,85,1
85.323,107,80,85,2
85.505,105,80,85,3
85.667,30,80,85,4
85.707,59,80,85,5
85.788,64,80,85,6
86.022,83,80,86,0
86.112,74,80,86,1
86.224,79,80,86,2
86.337,84,80,86,3
86.381,64,80,86,4
86.538,71,80,86,5
86.628,94,80,86,6
87.157,96,80,87,0
87.202,89,80,87,1
87.224,81,80,87,2
87.337,106,80,87,3
87.359,76,80,87,4
87.404,67,80,87,5
87.471,72,80,87,6
87.538,119,80,87,7
87.561,155,80,87,8
87.606,97,80,87,9
87.651,61,80,87,10
87.696,47,80,87,11
87.853,50,80,87,12
88.101,84,80,88,0
88.202,95,80,88,1
88.278,115,80,88,2
88.429,127,80,88,3
88.454,86,80,88,4
88.832,107,80,88,5
89.151,81,80,89,0
89.252,82,80,89,1
89.454,47,80,89,2
89.504,170,80,89,3
89.605,103,80,89,4
89.781,58,80,89,5
89.807,48,80,89,6
90.252,70,80,90,0
90.554,45,80,90,1
91.0,63,80,91,0
91.101,59,80,91,1
91.404,40,80,91,2
91.529,58,80,91,3
91.655,77,80,91,4
91.781,122,80,91,5
91.832,45,80,91,6
92.0,86,80,92,0
92.076,81,80,92,1
92.126,78,80,92,2
92.151,45,80,92,3
92.252,39,80,92,4
92.328,140,80,92,5
92.379,73,80,92,6
92.404,118,80,92,7
92.554,106,80,92,8
92.706,51,80,92,9
93.0,64,80,93,0
93.025,78,80,93,1
93.05,59,80,93,2
93.177,33,80,93,3
93.404,33,80,93,4
93.579,55,80,93,5
93.832,79,80,93,6
94.025,69,80,94,0
94.05,64,80,94,1
94.151,59,80,94,2
94.177,73,80,94,3
94.278,75,80,94,4
94.379,128,80,94,5
94.429,58,80,94,6
94.479,128,80,94,7
94.605,138,80,94,8
94.731,78,80,94,9
95.05,59,80,95,0
95.151,91,80,95,1
95.278,132,80,95,2
95.379,71,80,95,3
95.479,20,80,95,4
95.605,124,80,95,5
95.731,69,80,95,6
95.807,103,80,95,7
95.857,94,80,95,8
96.076,81,80,96,0
96.202,79,80,96,1
96.252,85,80,96,2
96.655,67,80,96,3
96.807,88,80,96,4
96.857,80,80,96,5
97.025,76,80,97,0
97.126,115,80,97,1
97.252,111,80,97,2
97.429,16,80,97,3
97.756,88,80,97,4
97.781,82,80,97,5
98.101,36,80,98,0
98.151,15,80,98,1
98.278,81,80,98,2
98.353,83,80,98,3
98.605,85,80,98,4
98.655,92,80,98,5
98.68,87,80,98,6
98.756,87,80,98,7
98.832,67,80,98,8
99.05,38,80,99,0
99.177,60,80,99,1
99.202,55,80,99,2
99.379,102,80,99,3
99.504,76,80,99,4
99.706,131,80,99,5
100.05,105,80,100,0
100.151,78,80,100,1
100.177,103,80,100,2
100.202,9,80,100,3
100.252,115,80,100,4
100.353,124,80,100,5
100.379,62,80,100,6
100.429,52,80,100,7
100.454,117,80,100,8
100.529,63,80,100,9
100.605,90,80,100,10
100.63,93,80,100,11
100.706,68,80,100,12
100.807,60,80,100,13
101.0,79,80,101,0
101.076,90,80,101,1
101.202,77,80,101,2
101.227,72,80,101,3
101.328,66,80,101,4
101.454,29,80,101,5
101.529,83,80,101,6
101.68,60,80,101,7
101.857,88,80,101,8
102.151,73,80,102,0
102.177,42,80,102,1
102.202,43,80,102,2
102.303,71,80,102,3
102.379,79,80,102,4
102.429,63,80,102,5
102.579,148,80,102,6
102.807,98,80,102,7
103.076,61,80,103,0
103.101,79,80,103,1
103.126,35,80,103,2
103.177,100,80,103,3
103.227,60,80,103,4
103.479,29,80,103,5
103.504,83,80,103,6
103.605,68,80,103,7
103.807,103,80,103,8
104.0,120,80,104,0
104.025,107,80,104,1
104.126,80,80,104,2
104.429,72,80,104,3
104.655,76,80,104,4
104.807,59,80,104,5
105.227,127,80,105,0
105.278,73,80,105,1
105.303,114,80,105,2
105.328,71,80,105,3
105.554,36,80,105,4
105.605,72,80,105,5
105.655,108,80,105,6
105.756,89,80,105,7
105.807,99,80,105,8
106.076,79,80,106,0
106.177,43,80,106,1
106.353,1,80,106,2
106.379,48,80,106,3
106.504,109,80,106,4
106.579,84,80,106,5
106.68,108,80,106,6
106.756,47,80,106,7
107.05,68,80,107,0
107.101,91,80,107,1
107.126,75,80,107,2
107.202,70,80,107,3
107.227,112,80,107,4
107.278,88,80,107,5
107.328,74,80,107,6
107.504,102,80,107,7
107.756,52,80,107,8
108.076,84,80,108,0
108.101,106,80,108,1
108.151,82,80,108,2
108.227,78,80,108,3
108.278,86,80,108,4
108.303,45,80,108,5
108.353,82,80,108,6
108.454,61,80,108,7
108.479,70,80,108,8
108.504,84,80,108,9
108.655,20,80,108,10
108.832,32,80,108,11
109.025,103,80,109,0
109.05,108,80,109,1
109.126,126,80,109,2
109.151,45,80,109,3
109.177,49,80,109,4
109.227,67,80,109,5
109.278,74,80,109,6
109.328,111,80,109,7
109.404,49,80,109,8
109.504,91,80,109,9
109.579,82,80,109,10
109.63,69,80,109,11
109.781,75,80,109,12
109.857,97,80,109,13
110.0,87,80,110,0
110.05,119,80,110,1
110.101,22,80,110,2
110.177,98,80,110,3
110.252,41,80,110,4
110.303,92,80,110,5
110.328,91,80,110,6
110.353,82,80,110,7
110.504,82,80,110,8
110.579,102,80,110,9
110.756,75,80,110,10
111.151,105,80,111,0
111.278,90,80,111,1
111.353,47,80,111,2
111.429,80,80,111,3
111.807,70,80,111,4
112.126,11,80,112,0
112.177,41,80,112,1
112.278,38,80,112,2
112.303,150,80,112,3
112.479,100,80,112,4
112.554,79,80,112,5
112.63,62,80,112,6
112.655,46,80,112,7
112.781,9,80,112,8
112.832,16,80,112,9
113.126,62,80,113,0
113.605,143,80,113,1
113.63,52,80,113,2
113.68,8,80,113,3
113.731,100,80,113,4
114.076,91,80,114,0
114.202,128,80,114,1
114.252,43,80,114,2
114.278,107,80,114,3
114.303,43,80,114,4
114.353,87,80,114,5
114.379,72,80,114,6
114.554,61,80,114,7
114.579,59,80,114,8
115.126,39,80,115,0
115.379,77,80,115,1
115.429,113,80,115,2
115.68,44,80,115,3
116.076,74,80,116,0
116.177,37,80,116,1
116.202,59,80,116,2
116.227,54,80,116,3
116.278,90,80,116,4
116.579,53,80,116,5
116.605,80,80,116,6
116.781,66,80,116,7
117.076,80,80,117,0
117.101,90,80,117,1
117.202,60,80,117,2
117.227,69,80,117,3
117.252,99,80,117,4
117.278,90,80,117,5
117.429,87,80,117,6
117.605,31,80,117,7
117.63,71,80,117,8
117.655,83,80,117,9
117.706,47,80,117,10
118.101,90,80,118,0
118.126,105,80,118,1
118.504,90,80,118,2
118.529,65,80,118,3
118.756,55,80,118,4
118.807,91,80,118,5
119.05,56,80,119,0
119.101,107,80,119,1
119.151,79,80,119,2
119.177,68,80,119,3
119.278,34,80,119,4
119.328,65,80,119,5
119.379,83,80,119,6
119.504,96,80,119,7
119.554,18,80,119,8
119.605,92,80,119,9
119.63,84,80,119,10
119.655,42,80,119,11
119.731,49,80,119,12
119.807,144,80,119,13
120.0,71,80,120,0
120.227,54,80,120,1
120.252,33,80,120,2
120.429,86,80,120,3
120.554,109,80,120,4
120.781,46,80,120,5
121.126,78,80,121,0
121.151,102,80,121,1
121.227,70,80,121,2
121.252,52,80,121,3
121.278,85,80,121,4
121.353,124,80,121,5
121.454,53,80,121,6
121.479,105,80,121,7
121.857,121,80,121,8
122.076,124,80,122,0
122.151,66,80,122,1
122.177,42,80,122,2
122.202,91,80,122,3
122.227,72,80,122,4
122.252,50,80,122,5
122.278,107,80,122,6
122.379,103,80,122,7
122.554,119,80,122,8
122.579,92,80,122,9
122.68,44,80,122,10
122.832,76,80,122,11
123.0,21,80,123,0
123.101,92,80,123,1
123.151,103,80,123,2
123.202,79,80,123,3
123.429,19,80,123,4
123.529,94,80,123,5
123.63,83,80,123,6
123.706,53,80,123,7
123.832,101,80,123,8
124.151,80,80,124,0
124.177,128,80,124,1
124.202,82,80,124,2
124.554,139,80,124,3
124.68,97,80,124,4
124.706,79,80,124,5
124.731,72,80,124,6
124.807,94,80,124,7
125.177,62,80,125,0
125.227,117,80,125,1
125.252,74,80,125,2
125.404,58,80,125,3
125.429,18,80,125,4
125.554,71,80,125,5
125.655,74,80,125,6
125.706,119,80,125,7
125.807,53,80,125,8
126.05,115,80,126,0
126.076,88,80,126,1
126.379,136,80,126,2
126.504,61,80,126,3
126.605,21,80,126,4
126.68,54,80,126,5
127.05,104,80,127,0
127.202,62,80,127,1
127.278,121,80,127,2
127.529,104,80,127,3
127.579,69,80,127,4
127.605,57,80,127,5
127.756,85,80,127,6
127.807,67,80,127,7
128.025,107,80,128,0
128.101,14,80,128,1
128.227,54,80,128,2
128.429,73,80,128,3
128.504,67,80,128,4
128.605,65,80,128,5
129.05,106,80,129,0
129.076,95,80,129,1
129.151,65,80,129,2
129.177,99,80,129,3
129.278,102,80,129,4
129.353,36,80,129,5
129.404,93,80,129,6
129.706,55,80,129,7
129.731,59,80,129,8
129.781,23,80,129,9
129.832,63,80,129,10
129.857,116,80,129,11
130.0,129,80,130,0
130.076,137,80,130,1
130.101,45,80,130,2
130.151,70,80,130,3
130.202,109,80,130,4
130.252,13,80,130,5
130.404,57,80,130,6
130.504,141,80,130,7
130.529,100,80,130,8
130.68,72,80,130,9
131.252,74,80,131,0
131.278,47,80,131,1
131.303,98,80,131,2
131.479,45,80,131,3
131.529,72,80,131,4
131.605,79,80,131,5
131.832,104,80,131,6
132.0,89,80,132,0
132.227,71,80,132,1
132.404,70,80,132,2
132.429,96,80,132,3
132.454,86,80,132,4
132.706,76,80,132,5
132.857,96,80,132,6
133.101,64,80,133,0
133.303,64,80,133,1
133.529,126,80,133,2
133.781,133,80,133,3
134.025,87,80,134,0
134.076,108,80,134,1
134.252,45,80,134,2
134.353,54,80,134,3
134.429,92,80,134,4
134.504,20,80,134,5
134.529,58,80,134,6
134.579,123,80,134,7
134.68,65,80,134,8
134.731,69,80,134,9
134.832,95,80,134,10
135.05,48,80,135,0
135.202,66,80,135,1
135.353,85,80,135,2
135.429,139,80,135,3
136.05,57,80,136,0
136.151,63,80,136,1
136.177,115,80,136,2
136.252,15,80,136,3
136.303,96,80,136,4
136.504,11,80,136,5
136.554,78,80,136,6
136.579,58,80,136,7
136.857,57,80,136,8
137.126,128,80,137,0
137.151,80,80,137,1
137.227,113,80,137,2
137.328,117,80,137,3
137.404,50,80,137,4
137.529,45,80,137,5
138.025,106,80,138,0
138.101,103,80,138,1
138.227,112,80,138,2
138.353,78,80,138,3
138.454,113,80,138,4
138.479,49,80,138,5
138.756,42,80,138,6
138.807,82,80,138,7
138.857,56,80,138,8
139.025,127,80,139,0
139.076,92,80,139,1
139.126,52,80,139,2
139.202,54,80,139,3
139.379,109,80,139,4
139.479,127,80,139,5
139.781,58,80,139,6
140.025,64,80,140,0
140.05,71,80,140,1
140.227,68,80,140,2
140.252,87,80,140,3
140.278,70,80,140,4
140.303,29,80,140,5
140.454,91,80,140,6
140.504,68,80,140,7
140.529,48,80,140,8
140.731,97,80,140,9
140.781,83,80,140,10
140.832,65,80,140,11
141.0,25,80,141,0
141.101,94,80,141,1
141.126,87,80,141,2
141.177,79,80,141,3
141.404,71,80,141,4
141.579,74,80,141,5
141.605,32,80,141,6
141.756,94,80,141,7
142.086,93,80,142,0
142.115,63,80,142,1
142.144,35,80,142,2
142.173,66,80,142,3
142.23,135,80,142,4
142.46,42,80,142,5
142.488,125,80,142,6
142.517,51,80,142,7
142.719,81,80,142,8
143.029,87,80,143,0
143.115,60,80,143,1
143.23,57,80,143,2
143.546,34,80,143,3
143.632,55,80,143,4
143.69,95,80,143,5
143.747,72,80,143,6
144.0,84,80,144,0
144.058,60,80,144,1
144.115,89,80,144,2
144.173,53,80,144,3
144.23,117,80,144,4
144.287,85,80,144,5
144.373,59,80,144,6
144.402,113,80,144,7
144.46,64,80,144,8
144.488,106,80,144,9
144.517,63,80,144,10
144.776,52,80,144,11
144.804,73,80,144,12
144.833,97,80,144,13
145.144,81,80,145,0
145.173,140,80,145,1
145.316,2,80,145,2
145.517,48,80,145,3
145.546,125,80,145,4
145.69,74,80,145,5
145.719,64,80,145,6
146.086,47,80,146,0
146.23,116,80,146,1
146.345,77,80,146,2
146.719,91,80,146,3
146.804,74,80,146,4
147.115,82,80,147,0
147.23,71,80,147,1
147.488,74,80,147,2
147.69,63,80,147,3
147.747,80,80,147,4
147.804,51,80,147,5
148.632,98,80,148,0
148.719,106,80,148,1
148.804,73,80,148,2
149.029,110,80,149,0
149.058,41,80,149,1
149.287,86,80,149,2
149.46,64,80,149,3
149.575,71,80,149,4
149.804,125,80,149,5
150.173,85,80,150,0
150.259,63,80,150,1
150.287,107,80,150,2
150.345,12,80,150,3
150.402,66,80,150,4
150.517,82,80,150,5
150.69,52,80,150,6
150.747,92,80,150,7
151.058,89,80,151,0
151.173,36,80,151,1
151.316,107,80,151,2
151.373,20,80,151,3
151.488,95,80,151,4
151.69,101,80,151,5
152.23,92,80,152,0
152.345,96,80,152,1
152.373,44,80,152,2
152.661,56,80,152,3
152.69,88,80,152,4
152.804,73,80,152,5
153.1,112,80,153,0
153.433,121,80,153,1
153.533,87,80,153,2
153.7,66,80,153,3
153.733,12,80,153,4
154.0,69,80,154,0
154.4,70,80,154,1
155.233,111,80,155,0
155.667,115,80,155,1
156.033,111,80,156,0
156.067,133,80,156,1
156.133,62,80,156,2
156.267,58,80,156,3
156.3,60,80,156,4
156.433,102,80,156,5
156.467,67,80,156,6
156.633,55,80,156,7
156.8,86,80,156,8
157.0,37,80,157,0
157.158,90,80,157,1
157.276,100,80,157,2
157.553,83,80,157,3
157.632,38,80,157,4
158.158,77,80,158,0
158.276,59,80,158,1
158.395,89,80,158,2
158.434,79,80,158,3
158.632,53,80,158,4
159.079,72,80,159,0
159.158,90,80,159,1
159.197,89,80,159,2
159.237,81,80,159,3
159.316,139,80,159,4
160.143,70,80,160,0
160.333,52,80,160,1
160.476,84,80,160,2
161.524,136,80,161,0
161.619,18,80,161,1
162.19,94,80,162,0
162.476,97,80,162,1
163.428,82,80,163,0
163.476,123,80,163,1
163.572,60,80,163,2
163.619,42,80,163,3
164.389,78,80,164,0
165.111,48,80,165,0
165.222,109,80,165,1
165.444,42,80,165,2
166.0,112,80,166,0
166.278,62,80,166,1
166.333,80,80,166,2
167.444,89,80,167,0
168.2,119,80,168,0
169.0,83,80,169,0
169.2,90,80,169,1
170.6,125,80,170,0
179.8,104,80,179,0
180.8,39,80,180,0
182.0,101,80,182,0
182.167,54,80,182,1
182.278,49,80,182,2
182.444,90,80,182,3
183.111,90,80,183,0
183.389,90,80,183,1
185.111,114,80,185,0
185.167,102,80,185,1
186.0,51,80,186,0
186.095,89,80,186,1
186.428,107,80,186,2
187.19,59,80,187,0
188.0,105,80,188,0
188.143,53,80,188,1
188.381,111,80,188,2
188.619,44,80,188,3
189.039,71,80,189,0
189.079,59,80,189,1
189.276,101,80,189,2
189.316,34,80,189,3
189.355,103,80,189,4
189.592,93,80,189,5
189.632,67,80,189,6
190.039,100,80,190,0
190.158,139,80,190,1
190.197,86,80,190,2
190.237,72,80,190,3
190.434,77,80,190,4
190.553,114,80,190,5
190.671,29,80,190,6
191.079,55,80,191,0
191.316,81,80,191,1
191.553,117,80,191,2
191.632,122,80,191,3
192.0,117,80,192,0
192.039,53,80,192,1
192.118,57,80,192,2
192.276,116,80,192,3
192.316,67,80,192,4
192.711,88,80,192,5
193.0,79,80,193,0
193.067,63,80,193,1
193.333,136,80,193,2
193.4,85,80,193,3
193.433,103,80,193,4
193.633,100,80,193,5
193.667,114,80,193,6
193.767,96,80,193,7
194.0,54,80,194,0
194.033,56,80,194,1
194.133,75,80,194,2
194.167,79,80,194,3
194.233,140,80,194,4
194.333,83,80,194,5
194.4,9,80,194,6
194.533,78,80,194,7
194.6,109,80,194,8
194.667,91,80,194,9
195.0,61,80,195,0
195.1,108,80,195,1
195.267,28,80,195,2
195.3,44,80,195,3
195.367,46,80,195,4
195.4,73,80,195,5
195.5,34,80,195,6
195.667,51,80,195,7
195.7,29,80,195,8
196.133,156,80,196,0
196.333,39,80,196,1
196.5,70,80,196,2
196.567,123,80,196,3
196.667,77,80,196,4
197.0,67,80,197,0
197.3,53,80,197,1
197.4,94,80,197,2
197.533,99,80,197,3
197.567,41,80,197,4
197.8,108,80,197,5
198.033,19,80,198,0
198.233,102,80,198,1
198.267,116,80,198,2
198.3,103,80,198,3
198.4,125,80,198,4
198.433,35,80,198,5
198.5,45,80,198,6
198.533,65,80,198,7
198.567,43,80,198,8
198.667,73,80,198,9
198.8,97,80,198,10
199.233,97,80,199,0
199.367,52,80,199,1
199.5,87,80,199,2
199.6,106,80,199,3
199.633,101,80,199,4
199.8,117,80,199,5
200.0,68,80,200,0
200.197,122,80,200,1
200.237,82,80,200,2
200.276,86,80,200,3
200.316,93,80,200,4
200.513,56,80,200,5
200.553,100,80,200,6
200.671,105,80,200,7
201.039,98,80,201,0
201.197,118,80,201,1
201.474,45,80,201,2
201.632,75,80,201,3
201.75,102,80,201,4
202.197,123,80,202,0
202.355,116,80,202,1
202.434,93,80,202,2
202.711,68,80,202,3
203.039,60,80,203,0
203.118,84,80,203,1
203.197,74,80,203,2
203.395,62,80,203,3
203.474,40,80,203,4
204.143,61,80,204,0
204.19,97,80,204,1
205.285,81,80,205,0
207.048,109,80,207,0
207.095,158,80,207,1
207.428,80,80,207,2
207.667,73,80,207,3
208.278,100,80,208,0
208.444,81,80,208,1
209.056,79,80,209,0
209.111,36,80,209,1
209.167,59,80,209,2
209.333,74,80,209,3
210.167,142,80,210,0
210.333,152,80,210,1
211.8,78,80,211,0
214.4,75,80,214,0
308.4,79,80,308,0
309.8,152,80,309,0
311.0,94,80,311,0
311.222,38,80,311,2
312.111,99,80,312,0
312.444,79,80,312,2
313.278,6,80,313,0
314.19,98,80,314,0
314.619,76,80,314,2
315.048,62,80,315,0
315.524,100,80,315,2
316.095,126,80,316,0
316.524,83,80,316,2
317.079,88,80,317,0
317.395,64,80,317,2
318.158,98,80,318,0
318.355,40,80,318,2
318.632,56,80,318,4
318.711,86,80,318,6
319.467,57,80,319,0
319.633,50,80,319,2
320.167,131,80,320,0
320.467,73,80,320,2
320.767,79,80,320,4
321.067,97,80,321,0
321.367,95,80,321,2
321.633,28,80,321,4
322.287,148,80,322,0
322.402,117,80,322,2
322.776,64,80,322,4
323.029,85,80,323,0
323.115,104,80,323,2
323.173,92,80,323,4
323.259,61,80,323,6
323.661,60,80,323,8
323.776,88,80,323,10
324.115,65,80,324,0
324.259,79,80,324,2
324.46,107,80,324,4
324.546,107,80,324,6
324.747,111,80,324,8
325.0,96,80,325,0
325.05,85,80,325,2
325.177,71,80,325,4
325.278,89,80,325,6
325.529,40,80,325,8
325.807,74,80,325,10
325.857,48,80,325,12
326.151,56,80,326,0
326.379,83,80,326,2
326.529,72,80,326,4
327.045,100,80,327,0
327.112,39,80,327,2
327.359,48,80,327,4
327.516,64,80,327,6
327.651,50,80,327,8
328.022,77,80,328,0
328.202,67,80,328,2
328.337,71,80,328,4
328.628,48,80,328,6
329.112,118,80,329,0
329.269,49,80,329,2
329.628,62,80,329,4
329.718,37,80,329,6
329.83,43,80,329,8
330.045,112,80,330,0
330.224,93,80,330,2
330.404,83,80,330,4
330.628,85,80,330,6
330.853,71,80,330,8
331.022,102,80,331,0
331.292,100,80,331,2
331.449,89,80,331,4
331.606,63,80,331,6
331.718,85,80,331,8
331.875,25,80,331,10
332.0,112,80,332,0
332.067,54,80,332,2
332.292,72,80,332,4
332.494,89,80,332,6
332.763,18,80,332,8
332.853,19,80,332,10
333.022,53,80,333,0
333.359,93,80,333,2
333.561,38,80,333,4
333.673,112,80,333,6
334.0,71,80,334,0
334.179,134,80,334,2
334.516,107,80,334,4
334.696,66,80,334,6
334.853,28,80,334,8
335.0,77,80,335,0
335.224,108,80,335,2
335.538,35,80,335,4
336.045,124,80,336,0
336.247,84,80,336,2
336.449,66,80,336,4
336.494,107,80,336,6
336.651,99,80,336,8
337.09,94,80,337,0
337.179,93,80,337,2
337.449,114,80,337,4
337.628,59,80,337,6
337.785,67,80,337,8
338.224,86,80,338,0
338.292,78,80,338,2
338.471,98,80,338,4
338.538,71,80,338,6
338.628,102,80,338,8
338.74,60,80,338,10
339.09,70,80,339,0
339.179,112,80,339,2
339.359,44,80,339,4
339.426,102,80,339,6
339.471,78,80,339,8
339.606,65,80,339,10
339.763,111,80,339,12
339.853,34,80,339,14
340.157,84,80,340,0
340.337,82,80,340,2
340.426,118,80,340,4
340.538,51,80,340,6
340.785,27,80,340,8
341.045,66,80,341,0
341.112,85,80,341,2
341.449,80,80,341,4
341.516,44,80,341,6
341.583,128,80,341,8
341.785,85,80,341,10
341.853,86,80,341,12
342.269,117,80,342,0
342.583,125,80,342,2
342.718,23,80,342,4
342.853,36,80,342,6
343.0,110,80,343,0
343.135,124,80,343,2
343.224,117,80,343,4
343.359,110,80,343,6
343.426,66,80,343,8
343.561,95,80,343,10
343.853,59,80,343,12
344.0,17,80,344,0
344.157,53,80,344,2
344.247,107,80,344,4
344.359,104,80,344,6
344.606,95,80,344,8
344.74,69,80,344,10
345.135,133,80,345,0
345.224,129,80,345,2
345.561,45,80,345,4
345.808,93,80,345,6
345.853,71,80,345,8
346.0,102,80,346,0
346.157,31,80,346,2
346.292,35,80,346,4
346.471,46,80,346,6
346.696,107,80,346,8
346.785,43,80,346,10
346.875,34,80,346,12
347.0,56,80,347,0
347.292,38,80,347,2
347.471,67,80,347,4
347.74,94,80,347,6
347.785,72,80,347,8
348.0,121,80,348,0
348.067,59,80,348,2
348.471,110,80,348,4
348.561,70,80,348,6
348.718,108,80,348,8
348.853,57,80,348,10
349.045,51,80,349,0
349.247,26,80,349,2
349.404,86,80,349,4
349.471,51,80,349,6
349.561,61,80,349,8
349.785,27,80,349,10
350.067,63,80,350,0
350.112,75,80,350,2
350.337,88,80,350,4
350.426,102,80,350,6
350.516,41,80,350,8
350.651,73,80,350,10
350.875,86,80,350,12
351.09,152,80,351,0
351.269,87,80,351,2
351.763,35,80,351,4
352.045,97,80,352,0
352.269,44,80,352,2
352.628,68,80,352,4
352.673,60,80,352,6
352.875,54,80,352,8
353.022,93,80,353,0
353.202,99,80,353,2
353.292,56,80,353,4
353.516,59,80,353,6
353.718,72,80,353,8
353.83,137,80,353,10
354.09,55,80,354,0
354.247,86,80,354,2
354.359,62,80,354,4
354.538,60,80,354,6
354.583,94,80,354,8
354.763,63,80,354,10
354.83,50,80,354,12
355.0,82,80,355,0
355.157,67,80,355,2
355.269,54,80,355,4
355.561,105,80,355,6
355.651,110,80,355,8
355.853,88,80,355,10
356.0,74,80,356,0
356.179,56,80,356,2
356.337,55,80,356,4
356.538,86,80,356,6
356.628,43,80,356,8
356.808,78,80,356,10
357.252,84,80,357,0
357.303,97,80,357,2
357.454,93,80,357,4
358.101,96,80,358,0
358.404,145,80,358,2
358.529,36,80,358,4
358.731,106,80,358,6
358.857,11,80,358,8
359.025,145,80,359,0
359.202,109,80,359,2
359.278,118,80,359,4
359.756,82,80,359,6
360.025,43,80,360,0
360.076,71,80,360,2
360.126,53,80,360,4
360.252,60,80,360,6
360.379,72,80,360,8
361.0,101,80,361,0
361.151,37,80,361,2
361.404,113,80,361,4
361.807,86,80,361,6
362.0,83,80,362,0
362.101,122,80,362,2
362.202,34,80,362,4
362.303,44,80,362,6
362.429,55,80,362,8
362.655,107,80,362,10
363.025,1,80,363,0
363.177,105,80,363,2
363.605,58,80,363,4
363.807,94,80,363,6
364.058,68,80,364,0
364.115,58,80,364,2
364.259,75,80,364,4
364.46,72,80,364,6
364.661,115,80,364,8
365.201,70,80,365,0
365.345,100,80,365,2
365.488,92,80,365,4
365.604,46,80,365,6
365.776,72,80,365,8
366.0,86,80,366,0
366.23,73,80,366,2
366.632,36,80,366,4
366.833,86,80,366,6
367.029,83,80,367,0
367.201,72,80,367,2
367.259,111,80,367,4
367.517,140,80,367,6
367.575,61,80,367,8
367.719,94,80,367,10
368.058,60,80,368,0
368.287,130,80,368,2
368.46,65,80,368,4
368.776,67,80,368,6
369.0,64,80,369,0
369.316,75,80,369,2
369.488,126,80,369,4
369.776,58,80,369,6
370.029,90,80,370,0
370.345,129,80,370,2
370.747,114,80,370,4
371.033,78,80,371,0
371.133,66,80,371,2
371.567,96,80,371,4
372.2,65,80,372,0
372.567,51,80,372,2
372.733,106,80,372,4
373.033,49,80,373,0
373.267,48,80,373,2
374.067,109,80,374,0
374.2,81,80,374,2
374.333,58,80,374,4
374.467,86,80,374,6
375.033,36,80,375,0
375.167,43,80,375,2
375.333,91,80,375,4
375.567,81,80,375,6
376.0,95,80,376,0
376.1,121,80,376,2
376.2,45,80,376,4
376.3,86,80,376,6
377.039,18,80,377,0
377.276,53,80,377,2
377.474,44,80,377,4
378.0,84,80,378,0
378.671,50,80,378,2
379.395,43,80,379,0
379.671,55,80,379,2
379.75,56,80,379,4
380.316,79,80,380,0
380.395,112,80,380,2
381.158,76,80,381,0
382.0,40,80,382,0
383.048,31,80,383,0
383.428,111,80,383,2
384.381,59,80,384,0
384.524,58,80,384,2
385.0,122,80,385,0
385.381,73,80,385,2
385.476,81,80,385,4
386.048,126,80,386,0
386.19,35,80,386,2
386.619,86,80,386,4
387.0,34,80,387,0
388.0,120,80,388,0
389.111,79,80,389,0
390.333,56,80,390,0
392.056,83,80,392,0
392.333,115,80,392,2
393.0,61,80,393,0
393.6,104,80,393,2
395.8,112,80,395,0
396.2,64,80,396,0
396.8,26,80,396,2
397.4,99,80,397,0
398.8,132,80,398,0
399.8,70,80,399,0
506.0,116,80,506,0
507.6,96,80,507,0
508.167,44,80,508,0
508.222,142,80,508,1
508.278,60,80,508,2
508.5,106,80,508,3
509.0,59,80,509,0
509.056,101,80,509,1
510.0,89,80,510,0
510.111,30,80,510,1
510.389,112,80,510,2
510.444,58,80,510,3
511.619,126,80,511,0
511.667,93,80,511,1
512.381,39,80,512,0
513.095,86,80,513,0
513.238,77,80,513,1
514.158,90,80,514,0
514.237,102,80,514,1
514.316,97,80,514,2
514.592,113,80,514,3
514.632,46,80,514,4
515.118,107,80,515,0
515.197,111,80,515,1
515.316,51,80,515,2
515.395,92,80,515,3
515.474,34,80,515,4
515.632,1,80,515,5
515.671,61,80,515,6
515.711,102,80,515,7
516.0,83,80,516,0
516.079,55,80,516,1
516.118,68,80,516,2
516.355,26,80,516,3
516.711,53,80,516,4
517.0,86,80,517,0
517.033,90,80,517,1
517.167,112,80,517,2
517.333,135,80,517,3
517.433,50,80,517,4
517.633,46,80,517,5
517.667,93,80,517,6
517.7,151,80,517,7
518.067,110,80,518,0
518.1,88,80,518,1
518.233,99,80,518,2
518.333,110,80,518,3
518.733,65,80,518,4
518.767,25,80,518,5
519.033,158,80,519,0
519.133,92,80,519,1
519.367,51,80,519,2
519.467,148,80,519,3
520.167,61,80,520,0
520.2,66,80,520,1
520.233,64,80,520,2
520.267,116,80,520,3
520.367,59,80,520,4
520.4,98,80,520,5
520.433,38,80,520,6
520.767,119,80,520,7
521.086,81,80,521,0
521.115,27,80,521,1
521.345,62,80,521,2
521.575,120,80,521,3
521.747,76,80,521,4
521.776,64,80,521,5
522.086,84,80,522,0
522.115,126,80,522,1
522.23,75,80,522,2
522.345,30,80,522,3
522.604,94,80,522,4
522.804,84,80,522,5
522.833,36,80,522,6
523.058,49,80,523,0
523.575,78,80,523,1
524.404,75,80,524,0
524.454,82,80,524,1
524.479,103,80,524,2
524.68,64,80,524,3
524.832,107,80,524,4
525.126,104,80,525,0
525.151,98,80,525,1
525.202,101,80,525,2
525.252,64,80,525,3
525.303,109,80,525,4
525.353,118,80,525,5
525.429,116,80,525,6
525.479,112,80,525,7
525.579,88,80,525,8
525.605,115,80,525,9
526.076,73,80,526,0
526.126,92,80,526,1
526.252,102,80,526,2
526.303,87,80,526,3
526.328,42,80,526,4
526.379,57,80,526,5
526.454,99,80,526,6
526.504,57,80,526,7
526.529,58,80,526,8
526.68,75,80,526,9
527.05,87,80,527,0
527.151,132,80,527,1
527.202,80,80,527,2
527.328,71,80,527,3
527.353,133,80,527,4
527.379,80,80,527,5
527.404,89,80,527,6
527.504,63,80,527,7
527.579,74,80,527,8
527.605,63,80,527,9
527.731,64,80,527,10
528.025,85,80,528,0
528.076,75,80,528,1
528.101,100,80,528,2
528.227,65,80,528,3
528.252,92,80,528,4
528.404,60,80,528,5
528.454,54,80,528,6
528.479,93,80,528,7
528.529,97,80,528,8
528.781,48,80,528,9
528.807,38,80,528,10
529.025,125,80,529,0
529.328,153,80,529,1
529.68,86,80,529,2
529.706,34,80,529,3
529.832,44,80,529,4
530.177,111,80,530,0
530.278,66,80,530,1
530.63,28,80,530,2
530.706,35,80,530,3
530.731,97,80,530,4
530.756,101,80,530,5
530.781,71,80,530,6
531.045,78,80,531,0
531.067,111,80,531,1
531.09,93,80,531,2
531.179,87,80,531,3
531.269,71,80,531,4
531.292,73,80,531,5
531.494,61,80,531,6
531.538,56,80,531,7
531.628,80,80,531,8
531.673,65,80,531,9
531.763,127,80,531,10
532.0,49,80,532,0
532.022,118,80,532,1
532.337,54,80,532,2
532.426,113,80,532,3
532.606,46,80,532,4
532.651,137,80,532,5
532.696,57,80,532,6
532.763,69,80,532,7
532.83,56,80,532,8
533.0,42,80,533,0
533.045,42,80,533,1
533.292,84,80,533,2
533.494,90,80,533,3
533.516,84,80,533,4
533.853,121,80,533,5
534.067,78,80,534,0
534.179,122,80,534,1
534.247,48,80,534,2
534.292,56,80,534,3
534.359,95,80,534,4
534.404,65,80,534,5
534.426,91,80,534,6
534.538,125,80,534,7
534.583,125,80,534,8
534.606,80,80,534,9
534.628,129,80,534,10
535.0,71,80,535,0
535.135,86,80,535,1
535.179,88,80,535,2
535.224,62,80,535,3
535.269,115,80,535,4
535.292,48,80,535,5
535.426,13,80,535,6
535.628,105,80,535,7
535.651,76,80,535,8
535.763,77,80,535,9
535.785,29,80,535,10
535.83,41,80,535,11
535.853,82,80,535,12
536.0,15,80,536,0
536.09,122,80,536,1
536.135,106,80,536,2
536.157,84,80,536,3
536.381,2,80,536,4
536.426,95,80,536,5
536.538,95,80,536,6
536.628,115,80,536,7
536.651,89,80,536,8
536.718,90,80,536,9
536.808,33,80,536,10
537.067,90,80,537,0
537.135,92,80,537,1
537.202,126,80,537,2
537.292,87,80,537,3
537.404,95,80,537,4
537.651,114,80,537,5
537.718,80,80,537,6
537.83,95,80,537,7
538.081,64,80,538,0
538.121,62,80,538,1
538.262,107,80,538,2
538.444,45,80,538,3
538.505,90,80,538,4
538.667,84,80,538,5
538.707,49,80,538,6
538.808,74,80,538,7
538.849,74,80,538,8
539.121,69,80,539,0
539.222,30,80,539,1
539.242,53,80,539,2
539.323,124,80,539,3
539.363,113,80,539,4
539.485,121,80,539,5
539.546,80,80,539,6
539.647,100,80,539,7
539.687,53,80,539,8
539.828,106,80,539,9
540.0,104,80,540,0
540.02,107,80,540,1
540.061,81,80,540,2
540.121,90,80,540,3
540.202,96,80,540,4
540.262,109,80,540,5
540.303,78,80,540,6
540.404,82,80,540,7
540.424,131,80,540,8
540.464,92,80,540,9
540.525,68,80,540,10
540.707,88,80,540,11
540.748,132,80,540,12
541.0,47,80,541,0
541.061,78,80,541,1
541.283,121,80,541,2
541.383,82,80,541,3
541.404,85,80,541,4
541.424,113,80,541,5
541.444,155,80,541,6
541.464,92,80,541,7
541.647,67,80,541,8
541.768,64,80,541,9
541.808,87,80,541,10
541.889,90,80,541,11
542.222,87,80,542,0
542.262,46,80,542,1
542.283,73,80,542,2
542.303,71,80,542,3
542.323,106,80,542,4
542.505,71,80,542,5
542.566,134,80,542,6
542.586,95,80,542,7
542.687,94,80,542,8
542.728,69,80,542,9
542.748,68,80,542,10
542.788,43,80,542,11
543.02,87,80,543,0
543.141,60,80,543,1
543.202,65,80,543,2
543.242,128,80,543,3
543.283,70,80,543,4
543.444,35,80,543,5
543.586,56,80,543,6
543.606,86,80,543,7
543.768,97,80,543,8
543.828,52,80,543,9
543.849,42,80,543,10
543.869,76,80,543,11
544.182,94,80,544,0
544.222,86,80,544,1
544.323,91,80,544,2
544.424,50,80,544,3
544.525,66,80,544,4
544.566,126,80,544,5
544.748,50,80,544,6
544.849,123,80,544,7
544.889,81,80,544,8
545.092,108,80,545,0
545.386,66,80,545,1
545.404,98,80,545,2
545.569,82,80,545,3
545.643,54,80,545,4
545.698,105,80,545,5
545.771,125,80,545,6
545.79,82,80,545,7
545.808,110,80,545,8
545.845,87,80,545,9
545.863,112,80,545,10
546.081,73,80,546,0
546.121,51,80,546,1
546.161,83,80,546,2
546.323,125,80,546,3
546.485,47,80,546,4
546.606,57,80,546,5
546.647,73,80,546,6
546.808,32,80,546,7
547.101,112,80,547,0
547.121,41,80,547,1
547.222,118,80,547,2
547.262,53,80,547,3
547.444,120,80,547,4
547.485,66,80,547,5
547.525,74,80,547,6
547.546,28,80,547,7
547.586,69,80,547,8
547.627,95,80,547,9
547.707,90,80,547,10
547.788,104,80,547,11
547.808,61,80,547,12
547.889,79,80,547,13
548.045,121,80,548,0
548.269,45,80,548,1
548.426,82,80,548,2
548.449,94,80,548,3
548.494,86,80,548,4
548.538,92,80,548,5
548.583,84,80,548,6
548.628,80,80,548,7
548.696,100,80,548,8
548.763,42,80,548,9
549.045,70,80,549,0
549.067,117,80,549,1
549.112,97,80,549,2
549.157,57,80,549,3
549.179,54,80,549,4
549.202,65,80,549,5
549.404,31,80,549,6
549.426,58,80,549,7
549.494,68,80,549,8
549.538,75,80,549,9
549.583,154,80,549,10
549.763,70,80,549,11
549.875,42,80,549,12
550.05,80,80,550,0
550.101,46,80,550,1
550.202,66,80,550,2
550.454,110,80,550,3
550.579,97,80,550,4
550.655,105,80,550,5
550.807,107,80,550,6
550.832,51,80,550,7
551.076,51,80,551,0
551.303,83,80,551,1
551.379,82,80,551,2
551.404,67,80,551,3
551.605,85,80,551,4
551.655,86,80,551,5
551.706,64,80,551,6
551.756,67,80,551,7
551.781,64,80,551,8
551.807,60,80,551,9
552.029,104,80,552,0
552.173,91,80,552,1
552.402,111,80,552,2
552.46,92,80,552,3
552.488,53,80,552,4
552.719,73,80,552,5
552.804,42,80,552,6
553.029,63,80,553,0
553.115,57,80,553,1
553.144,76,80,553,2
553.259,40,80,553,3
553.316,59,80,553,4
553.575,69,80,553,5
553.719,57,80,553,6
553.747,68,80,553,7
553.776,76,80,553,8
554.167,100,80,554,0
554.5,155,80,554,1
554.533,104,80,554,2
554.633,71,80,554,3
554.667,53,80,554,4
555.033,85,80,555,0
555.067,88,80,555,1
555.167,93,80,555,2
555.667,43,80,555,3
555.733,71,80,555,4
556.039,80,80,556,0
556.158,75,80,556,1
556.355,127,80,556,2
556.395,138,80,556,3
556.592,58,80,556,4
556.711,9,80,556,5
557.316,12,80,557,0
557.513,87,80,557,1
557.671,41,80,557,2
558.039,128,80,558,0
558.197,84,80,558,1
558.316,94,80,558,2
558.355,89,80,558,3
558.395,51,80,558,4
558.513,70,80,558,5
559.572,121,80,559,0
560.333,119,80,560,0
560.381,35,80,560,1
560.524,96,80,560,2
560.667,73,80,560,3
561.0,94,80,561,0
561.111,102,80,561,1
561.444,7,80,561,2
564.4,63,80,564,0
614.2,47,80,614,0
614.8,72,80,614,1
615.0,58,80,615,0
615.2,71,80,615,1
615.4,52,80,615,2
616.0,98,80,616,0
617.111,80,80,617,0
617.333,49,80,617,1
617.389,87,80,617,2
617.444,83,80,617,3
618.167,64,80,618,0
618.278,66,80,618,1
618.444,67,80,618,2
618.5,79,80,618,3
619.095,41,80,619,0
619.143,106,80,619,1
619.524,40,80,619,2
619.619,73,80,619,3
620.572,74,80,620,0
621.0,94,80,621,0
621.095,77,80,621,1
621.19,53,80,621,2
621.428,141,80,621,3
621.476,107,80,621,4
622.197,101,80,622,0
622.237,69,80,622,1
623.039,78,80,623,0
623.197,78,80,623,1
623.316,99,80,623,2
623.711,87,80,623,3
624.0,57,80,624,0
624.039,59,80,624,1
624.118,113,80,624,2
624.158,55,80,624,3
624.237,70,80,624,4
624.671,29,80,624,5
625.1,68,80,625,0
625.133,139,80,625,1
625.2,49,80,625,2
625.3,110,80,625,3
625.4,51,80,625,4
625.433,77,80,625,5
625.467,81,80,625,6
625.5,43,80,625,7
625.533,115,80,625,8
625.567,96,80,625,9
625.667,63,80,625,10
625.8,99,80,625,11
626.0,96,80,626,0
626.167,73,80,626,1
626.533,73,80,626,2
626.667,46,80,626,3
626.7,65,80,626,4
627.0,114,80,627,0
627.23,41,80,627,1
627.402,41,80,627,2
627.431,94,80,627,3
627.488,87,80,627,4
627.604,61,80,627,5
627.833,77,80,627,6
628.173,77,80,628,0
628.316,78,80,628,1
628.345,17,80,628,2
628.402,70,80,628,3
628.575,52,80,628,4
628.632,50,80,628,5
628.661,115,80,628,6
628.69,51,80,628,7
628.719,95,80,628,8
628.804,35,80,628,9
629.0,120,80,629,0
629.029,78,80,629,1
629.086,59,80,629,2
629.115,76,80,629,3
629.173,85,80,629,4
629.46,157,80,629,5
629.517,156,80,629,6
629.661,58,80,629,7
629.69,127,80,629,8
629.833,80,80,629,9
630.177,49,80,630,0
630.202,132,80,630,1
630.227,96,80,630,2
630.328,115,80,630,3
630.353,67,80,630,4
630.605,132,80,630,5
630.655,87,80,630,6
630.832,41,80,630,7
631.05,62,80,631,0
631.126,119,80,631,1
631.252,97,80,631,2
631.303,71,80,631,3
631.353,102,80,631,4
631.429,96,80,631,5
631.554,92,80,631,6
631.706,76,80,631,7
631.781,142,80,631,8
631.807,123,80,631,9
632.076,68,80,632,0
632.101,50,80,632,1
632.151,84,80,632,2
632.227,100,80,632,3
632.303,44,80,632,4
632.328,56,80,632,5
632.429,43,80,632,6
632.504,127,80,632,7
632.579,75,80,632,8
632.605,77,80,632,9
632.756,58,80,632,10
632.807,30,80,632,11
632.832,129,80,632,12
632.857,41,80,632,13
633.0,90,80,633,0
633.126,68,80,633,1
633.151,90,80,633,2
633.177,65,80,633,3
633.278,126,80,633,4
633.303,85,80,633,5
633.379,120,80,633,6
633.429,113,80,633,7
633.454,101,80,633,8
633.479,73,80,633,9
634.025,128,80,634,0
634.076,70,80,634,1
634.227,31,80,634,2
634.252,120,80,634,3
634.529,42,80,634,4
634.63,72,80,634,5
635.025,80,80,635,0
635.202,35,80,635,1
635.278,66,80,635,2
635.579,44,80,635,3
635.655,21,80,635,4
635.706,48,80,635,5
636.076,88,80,636,0
636.177,81,80,636,1
636.227,31,80,636,2
636.379,63,80,636,3
636.429,116,80,636,4
636.554,90,80,636,5
636.605,86,80,636,6
636.655,38,80,636,7
636.706,105,80,636,8
636.731,117,80,636,9
637.101,110,80,637,0
637.202,69,80,637,1
637.278,51,80,637,2
637.353,59,80,637,3
637.429,57,80,637,4
637.579,96,80,637,5
637.655,97,80,637,6
637.857,90,80,637,7
638.0,65,80,638,0
638.177,66,80,638,1
638.202,67,80,638,2
638.278,99,80,638,3
638.353,65,80,638,4
638.404,66,80,638,5
638.479,106,80,638,6
638.63,116,80,638,7
638.781,131,80,638,8
639.0,60,80,639,0
639.101,34,80,639,1
639.126,35,80,639,2
639.202,41,80,639,3
639.328,91,80,639,4
639.479,117,80,639,5
639.63,97,80,639,6
639.655,69,80,639,7
639.731,67,80,639,8
639.756,60,80,639,9
639.781,111,80,639,10
639.807,103,80,639,11
640.05,100,80,640,0
640.076,24,80,640,1
640.202,65,80,640,2
640.303,108,80,640,3
640.429,88,80,640,4
640.504,59,80,640,5
640.731,66,80,640,6
640.832,16,80,640,7
641.025,50,80,641,0
641.227,77,80,641,1
641.303,58,80,641,2
641.353,87,80,641,3
641.68,81,80,641,4
642.05,131,80,642,0
642.076,45,80,642,1
642.126,75,80,642,2
642.202,46,80,642,3
642.252,92,80,642,4
642.404,71,80,642,5
642.554,99,80,642,6
642.706,60,80,642,7
643.025,70,80,643,0
643.05,61,80,643,1
643.252,51,80,643,2
643.278,51,80,643,3
643.605,46,80,643,4
643.63,107,80,643,5
643.68,63,80,643,6
643.731,106,80,643,7
643.781,78,80,643,8
643.857,75,80,643,9
644.144,102,80,644,0
644.23,83,80,644,1
644.488,95,80,644,2
644.747,79,80,644,3
645.115,60,80,645,0
645.144,82,80,645,1
645.402,100,80,645,2
645.431,75,80,645,3
645.46,87,80,645,4
645.661,8,80,645,5
645.69,116,80,645,6
645.776,58,80,645,7
646.058,77,80,646,0
646.115,97,80,646,1
646.201,94,80,646,2
646.316,87,80,646,3
646.402,89,80,646,4
646.46,80,80,646,5
646.719,90,80,646,6
647.0,102,80,647,0
647.029,91,80,647,1
647.058,103,80,647,2
647.115,59,80,647,3
647.259,90,80,647,4
647.546,108,80,647,5
647.575,40,80,647,6
647.632,36,80,647,7
647.661,45,80,647,8
647.776,63,80,647,9
647.833,73,80,647,10
648.345,62,80,648,0
648.402,34,80,648,1
648.46,54,80,648,2
648.517,85,80,648,3
648.69,105,80,648,4
648.776,88,80,648,5
648.804,82,80,648,6
649.201,73,80,649,0
649.316,161,80,649,1
649.776,72,80,649,2
650.0,132,80,650,0
650.086,59,80,650,1
650.259,70,80,650,2
650.488,68,80,650,3
650.517,76,80,650,4
650.604,75,80,650,5
650.661,98,80,650,6
651.086,74,80,651,0
651.115,63,80,651,1
651.173,36,80,651,2
651.201,108,80,651,3
651.259,75,80,651,4
651.287,67,80,651,5
651.345,112,80,651,6
651.373,67,80,651,7
651.46,118,80,651,8
651.661,127,80,651,9
651.776,77,80,651,10
652.0,77,80,652,0
652.144,75,80,652,1
652.345,59,80,652,2
652.373,14,80,652,3
652.632,36,80,652,4
652.661,63,80,652,5
653.0,74,80,653,0
653.345,130,80,653,1
653.402,81,80,653,2
653.431,100,80,653,3
653.488,12,80,653,4
653.575,137,80,653,5
653.747,51,80,653,6
654.029,113,80,654,0
654.173,77,80,654,1
654.201,70,80,654,2
654.632,63,80,654,3
654.69,83,80,654,4
655.033,100,80,655,0
655.067,71,80,655,1
655.233,58,80,655,2
655.5,96,80,655,3
655.6,33,80,655,4
655.667,71,80,655,5
655.7,44,80,655,6
655.733,77,80,655,7
655.767,68,80,655,8
655.8,43,80,655,9
656.1,101,80,656,0
656.3,86,80,656,1
656.533,97,80,656,2
656.567,87,80,656,3
656.7,78,80,656,4
657.033,99,80,657,0
657.1,81,80,657,1
657.133,61,80,657,2
657.4,80,80,657,3
658.0,106,80,658,0
658.197,96,80,658,1
658.592,55,80,658,2
658.632,76,80,658,3
658.711,102,80,658,4
659.237,164,80,659,0
659.395,83,80,659,1
659.711,100,80,659,2
660.079,90,80,660,0
660.197,50,80,660,1
660.355,83,80,660,2
660.553,89,80,660,3
660.632,103,80,660,4
661.039,93,80,661,0
661.118,78,80,661,1
661.276,69,80,661,2
661.316,115,80,661,3
661.434,65,80,661,4
661.474,111,80,661,5
661.592,41,80,661,6
662.095,76,80,662,0
662.238,42,80,662,1
662.476,79,80,662,2
662.619,47,80,662,3
662.667,89,80,662,4
663.333,62,80,663,0
663.381,94,80,663,1
664.0,39,80,664,0
664.238,118,80,664,1
664.667,117,80,664,2
665.167,81,80,665,0
665.444,113,80,665,1
666.111,75,80,666,0
666.278,79,80,666,1
666.5,34,80,666,2
667.111,93,80,667,0
668.056,50,80,668,0
668.111,105,80,668,1
669.0,46,80,669,0
669.6,81,80,669,1
670.2,102,80,670,0
670.4,62,80,670,1
671.2,77,80,671,0
671.4,66,80,671,1
672.0,57,80,672,0
672.4,116,80,672,1
679.2,82,80,679,0
679.6,82,80,679,1
680.0,124,80,680,0
681.111,73,80,681,0
682.0,127,80,682,0
682.389,89,80,682,1
683.056,15,80,683,0
683.167,68,80,683,1
683.5,82,80,683,2
684.048,34,80,684,0
684.095,119,80,684,1
684.285,49,80,684,2
685.0,71,80,685,0
685.095,80,80,685,1
685.428,84,80,685,2
685.572,66,80,685,3
686.039,69,80,686,0
686.355,31,80,686,1
687.237,97,80,687,0
687.355,126,80,687,1
687.553,63,80,687,2
688.0,66,80,688,0
688.033,119,80,688,1
688.233,61,80,688,2
688.267,76,80,688,3
688.367,93,80,688,4
688.633,61,80,688,5
688.767,98,80,688,6
689.0,88,80,689,0
689.067,88,80,689,1
689.167,72,80,689,2
689.2,101,80,689,3
689.233,83,80,689,4
689.3,67,80,689,5
689.333,90,80,689,6
689.5,119,80,689,7
689.633,115,80,689,8
690.0,77,80,690,0
690.1,78,80,690,1
690.167,123,80,690,2
690.333,118,80,690,3
690.367,86,80,690,4
690.433,101,80,690,5
690.467,119,80,690,6
690.533,52,80,690,7
690.733,63,80,690,8
691.029,49,80,691,0
691.058,18,80,691,1
691.086,12,80,691,2
691.115,98,80,691,3
691.23,80,80,691,4
691.431,99,80,691,5
692.029,90,80,692,0
692.488,103,80,692,1
692.546,69,80,692,2
692.632,89,80,692,3
693.227,77,80,693,0
693.404,70,80,693,1
693.504,107,80,693,2
693.605,52,80,693,3
693.655,100,80,693,4
694.025,72,80,694,0
694.126,75,80,694,1
694.151,85,80,694,2
694.177,88,80,694,3
694.227,87,80,694,4
694.252,17,80,694,5
694.379,109,80,694,6
694.404,102,80,694,7
694.479,170,80,694,8
694.554,41,80,694,9
694.605,31,80,694,10
694.63,93,80,694,11
694.68,115,80,694,12
694.781,61,80,694,13
694.807,75,80,694,14
695.025,83,80,695,0
695.177,57,80,695,1
695.227,104,80,695,2
695.605,96,80,695,3
695.756,57,80,695,4
695.832,81,80,695,5
696.045,99,80,696,0
696.157,120,80,696,1
696.202,105,80,696,2
696.224,84,80,696,3
696.314,100,80,696,4
696.359,110,80,696,5
696.404,97,80,696,6
696.538,83,80,696,7
696.561,62,80,696,8
696.673,101,80,696,9
696.785,76,80,696,10
696.83,98,80,696,11
696.853,80,80,696,12
697.067,110,80,697,0
697.179,51,80,697,1
697.292,23,80,697,2
697.449,42,80,697,3
697.494,32,80,697,4
697.538,76,80,697,5
697.561,52,80,697,6
697.606,113,80,697,7
697.651,81,80,697,8
697.696,81,80,697,9
697.718,34,80,697,10
697.83,115,80,697,11
698.0,142,80,698,0
698.022,69,80,698,1
698.045,73,80,698,2
698.09,94,80,698,3
698.247,95,80,698,4
698.314,83,80,698,5
698.381,39,80,698,6
698.404,46,80,698,7
698.471,136,80,698,8
698.561,112,80,698,9
698.673,105,80,698,10
698.696,121,80,698,11
698.785,131,80,698,12
698.808,53,80,698,13
698.83,89,80,698,14
699.0,121,80,699,0
699.045,88,80,699,1
699.314,12,80,699,2
699.471,100,80,699,3
699.538,88,80,699,4
699.628,99,80,699,5
699.785,70,80,699,6
699.875,99,80,699,7
700.0,81,80,700,0
700.045,81,80,700,1
700.292,98,80,700,2
700.337,87,80,700,3
700.449,98,80,700,4
700.516,56,80,700,5
700.561,53,80,700,6
700.74,71,80,700,7
700.763,69,80,700,8
700.875,77,80,700,9
701.05,5,80,701,0
701.151,47,80,701,1
701.227,85,80,701,2
701.278,54,80,701,3
701.328,96,80,701,4
701.454,77,80,701,5
701.479,44,80,701,6
701.504,34,80,701,7
701.529,94,80,701,8
701.655,112,80,701,9
701.731,80,80,701,10
701.756,95,80,701,11
701.832,120,80,701,12
702.0,86,80,702,0
702.05,2,80,702,1
702.101,39,80,702,2
702.126,88,80,702,3
702.252,25,80,702,4
702.278,70,80,702,5
702.706,145,80,702,6
702.756,62,80,702,7
702.807,80,80,702,8
702.832,21,80,702,9
703.259,64,80,703,0
703.46,89,80,703,1
703.488,64,80,703,2
703.747,96,80,703,3
703.776,104,80,703,4
703.804,82,80,703,5
704.0,68,80,704,0
704.115,5,80,704,1
704.23,71,80,704,2
704.46,72,80,704,3
704.517,77,80,704,4
704.546,73,80,704,5
704.719,57,80,704,6
704.747,53,80,704,7
704.804,97,80,704,8
705.0,83,80,705,0
705.033,111,80,705,1
705.3,95,80,705,2
705.433,72,80,705,3
705.6,59,80,705,4
705.633,83,80,705,5
705.733,118,80,705,6
705.767,34,80,705,7
705.8,64,80,705,8
706.067,70,80,706,0
706.1,62,80,706,1
706.233,83,80,706,2
706.333,96,80,706,3
706.633,45,80,706,4
707.2,97,80,707,0
707.6,101,80,707,1
707.767,47,80,707,2
707.8,112,80,707,3
708.0,45,80,708,0
708.118,62,80,708,1
708.316,136,80,708,2
708.355,95,80,708,3
708.553,66,80,708,4
709.039,97,80,709,0
709.118,24,80,709,1
709.158,94,80,709,2
709.276,104,80,709,3
709.474,106,80,709,4
710.0,94,80,710,0
710.238,92,80,710,1
710.381,64,80,710,2
710.476,43,80,710,3
710.572,69,80,710,4
711.524,66,80,711,0
711.572,33,80,711,1
712.095,100,80,712,0
712.381,71,80,712,1
713.222,67,80,713,0
713.333,65,80,713,1
713.444,87,80,713,2
714.056,35,80,714,0
714.278,140,80,714,1
714.5,70,80,714,2
716.0,50,80,716,0
742.6,90,80,742,0
744.0,114,80,744,0
744.2,43,80,744,1
745.4,45,80,745,0
745.6,81,80,745,1
748.2,77,80,748,0
749.2,106,80,749,0
750.8,94,80,750,0
751.0,116,80,751,0
751.6,58,80,751,1
751.8,97,80,751,2
752.2,65,80,752,0
753.167,114,80,753,0
754.167,36,80,754,0
754.389,69,80,754,1
754.5,51,80,754,2
756.0,9,80,756,0
756.167,109,80,756,1
756.444,112,80,756,2
757.0,91,80,757,0
758.0,63,80,758,0
758.222,84,80,758,1
759.0,108,80,759,0
761.111,105,80,761,0
761.444,109,80,761,1
761.5,72,80,761,2
762.111,43,80,762,0
762.333,79,80,762,1
763.048,72,80,763,0
763.143,81,80,763,1
763.619,119,80,763,2
763.667,45,80,763,3
764.381,73,80,764,0
764.476,48,80,764,1
764.524,71,80,764,2
764.619,105,80,764,3
765.048,103,80,765,0
765.19,1,80,765,1
765.238,93,80,765,2
765.333,67,80,765,3
765.667,93,80,765,4
766.095,53,80,766,0
766.333,66,80,766,1
766.428,127,80,766,2
766.524,66,80,766,3
766.572,115,80,766,4
766.667,96,80,766,5
767.381,104,80,767,0
767.428,74,80,767,1
768.048,44,80,768,0
768.285,125,80,768,1
768.428,38,80,768,2
768.619,77,80,768,3
769.19,125,80,769,0
769.238,48,80,769,1
769.381,75,80,769,2
770.048,83,80,770,0
771.0,78,80,771,0
771.079,58,80,771,1
771.197,41,80,771,2
771.395,72,80,771,3
771.434,100,80,771,4
771.513,102,80,771,5
771.592,63,80,771,6
772.158,84,80,772,0
772.355,71,80,772,1
772.395,101,80,772,2
772.711,89,80,772,3
773.039,102,80,773,0
773.118,106,80,773,1
773.276,54,80,773,2
773.513,135,80,773,3
773.592,93,80,773,4
774.395,111,80,774,0
774.592,46,80,774,1
774.632,71,80,774,2
775.118,70,80,775,0
775.632,111,80,775,1
775.671,59,80,775,2
776.039,60,80,776,0
776.237,76,80,776,1
776.355,78,80,776,2
776.434,47,80,776,3
776.513,86,80,776,4
776.75,75,80,776,5
777.039,126,80,777,0
777.197,54,80,777,1
777.316,101,80,777,2
777.671,109,80,777,3
777.711,53,80,777,4
778.033,145,80,778,0
778.133,65,80,778,1
778.233,77,80,778,2
778.5,42,80,778,3
778.567,12,80,778,4
778.6,57,80,778,5
778.667,86,80,778,6
778.733,35,80,778,7
779.033,41,80,779,0
779.233,59,80,779,1
779.267,115,80,779,2
779.3,76,80,779,3
779.433,62,80,779,4
779.567,80,80,779,5
779.733,95,80,779,6
780.033,94,80,780,0
780.067,20,80,780,1
780.2,93,80,780,2
780.267,81,80,780,3
780.3,20,80,780,4
780.467,117,80,780,5
780.5,116,80,780,6
780.8,114,80,780,7
781.133,61,80,781,0
781.267,113,80,781,1
781.3,101,80,781,2
781.433,63,80,781,3
781.5,64,80,781,4
781.533,55,80,781,5
781.7,51,80,781,6
782.0,110,80,782,0
782.033,176,80,782,1
782.333,83,80,782,2
782.467,111,80,782,3
782.5,87,80,782,4
783.0,106,80,783,0
783.033,133,80,783,1
783.067,68,80,783,2
783.333,100,80,783,3
783.367,118,80,783,4
783.433,32,80,783,5
783.467,73,80,783,6
783.5,96,80,783,7
783.767,115,80,783,8
783.8,67,80,783,9
784.133,128,80,784,0
784.5,64,80,784,1
784.533,82,80,784,2
784.567,95,80,784,3
784.6,136,80,784,4
785.0,91,80,785,0
785.1,79,80,785,1
785.267,79,80,785,2
785.367,88,80,785,3
785.433,68,80,785,4
785.567,112,80,785,5
785.767,110,80,785,6
786.0,4,80,786,0
786.167,127,80,786,1
786.367,38,80,786,2
786.567,99,80,786,3
786.7,73,80,786,4
787.0,70,80,787,0
787.133,65,80,787,1
787.3,102,80,787,2
787.567,107,80,787,3
787.633,71,80,787,4
788.233,147,80,788,0
788.333,111,80,788,1
788.4,58,80,788,2
789.434,79,80,789,0
789.474,101,80,789,1
789.671,85,80,789,2
789.75,66,80,789,3
790.079,60,80,790,0
790.118,64,80,790,1
790.316,112,80,790,2
790.355,97,80,790,3
791.079,77,80,791,0
791.158,1,80,791,1
791.632,125,80,791,2
792.0,114,80,792,0
792.039,112,80,792,1
792.355,100,80,792,2
792.434,130,80,792,3
793.0,70,80,793,0
793.048,93,80,793,1
793.19,70,80,793,2
793.428,92,80,793,3
793.619,102,80,793,4
794.095,56,80,794,0
794.524,43,80,794,1
794.572,100,80,794,2
795.143,80,80,795,0
795.238,69,80,795,1
795.476,63,80,795,2
796.056,84,80,796,0
797.167,68,80,797,0
798.056,88,80,798,0
798.111,112,80,798,1
798.222,53,80,798,2
798.444,73,80,798,3
799.222,125,80,799,0
799.444,47,80,799,1
800.0,94,80,800,0
800.4,86,80,800,1
800.8,65,80,800,2
802.6,52,80,802,0
853.2,57,80,853,0
853.4,74,80,853,1
854.6,66,80,854,0
854.8,65,80,854,1
856.111,72,80,856,0
856.222,33,80,856,1
856.278,102,80,856,2
856.333,53,80,856,3
857.167,115,80,857,0
857.5,21,80,857,1
858.222,31,80,858,0
858.444,120,80,858,1
858.5,1,80,858,2
859.0,81,80,859,0
859.048,65,80,859,1
859.19,80,80,859,2
859.476,88,80,859,3
860.048,64,80,860,0
860.143,90,80,860,1
860.333,63,80,860,2
860.524,44,80,860,3
860.619,32,80,860,4
861.048,68,80,861,0
861.381,66,80,861,1
862.316,93,80,862,0
862.395,112,80,862,1
862.474,97,80,862,2
862.513,42,80,862,3
862.592,75,80,862,4
862.75,66,80,862,5
863.039,73,80,863,0
863.158,88,80,863,1
863.355,68,80,863,2
863.632,75,80,863,3
864.0,79,80,864,0
864.1,134,80,864,1
864.4,81,80,864,2
864.6,72,80,864,3
864.667,21,80,864,4
865.0,37,80,865,0
865.133,97,80,865,1
865.367,81,80,865,2
865.4,73,80,865,3
865.633,73,80,865,4
865.667,13,80,865,5
866.033,108,80,866,0
866.067,131,80,866,1
866.267,76,80,866,2
866.367,112,80,866,3
866.467,82,80,866,4
866.667,27,80,866,5
866.733,120,80,866,6
867.115,64,80,867,0
867.144,84,80,867,1
867.259,85,80,867,2
867.345,40,80,867,3
867.431,46,80,867,4
867.546,67,80,867,5
867.632,88,80,867,6
867.719,61,80,867,7
867.776,70,80,867,8
868.029,119,80,868,0
868.144,112,80,868,1
868.316,86,80,868,2
868.402,97,80,868,3
868.604,72,80,868,4
868.661,78,80,868,5
869.058,101,80,869,0
869.086,82,80,869,1
869.173,88,80,869,2
869.259,74,80,869,3
869.517,61,80,869,4
869.661,103,80,869,5
869.804,56,80,869,6
869.833,114,80,869,7
870.0,69,80,870,0
870.126,107,80,870,1
870.479,122,80,870,2
870.554,51,80,870,3
870.579,82,80,870,4
870.756,52,80,870,5
871.0,43,80,871,0
871.025,39,80,871,1
871.05,126,80,871,2
871.101,35,80,871,3
871.202,109,80,871,4
871.227,73,80,871,5
871.278,78,80,871,6
871.303,92,80,871,7
871.454,59,80,871,8
871.857,95,80,871,9
872.135,58,80,872,0
872.202,63,80,872,1
872.538,62,80,872,2
872.583,70,80,872,3
872.628,144,80,872,4
872.74,68,80,872,5
873.067,132,80,873,0
873.314,88,80,873,1
873.337,119,80,873,2
873.538,67,80,873,3
873.583,97,80,873,4
873.628,83,80,873,5
873.651,88,80,873,6
873.673,102,80,873,7
873.718,19,80,873,8
873.74,105,80,873,9
873.785,66,80,873,10
873.853,111,80,873,11
874.022,38,80,874,0
874.157,34,80,874,1
874.179,96,80,874,2
874.202,62,80,874,3
874.292,95,80,874,4
874.606,75,80,874,5
874.651,127,80,874,6
874.74,53,80,874,7
874.83,45,80,874,8
875.067,82,80,875,0
875.179,80,80,875,1
875.269,51,80,875,2
875.426,109,80,875,3
875.516,71,80,875,4
875.561,85,80,875,5
875.583,58,80,875,6
875.651,69,80,875,7
875.673,40,80,875,8
875.74,77,80,875,9
876.0,102,80,876,0
876.067,52,80,876,1
876.337,56,80,876,2
876.426,120,80,876,3
876.494,61,80,876,4
876.516,79,80,876,5
876.606,84,80,876,6
876.875,88,80,876,7
877.09,137,80,877,0
877.157,134,80,877,1
877.179,68,80,877,2
877.314,27,80,877,3
877.337,126,80,877,4
877.494,74,80,877,5
877.516,91,80,877,6
877.561,104,80,877,7
877.785,94,80,877,8
878.09,85,80,878,0
878.157,38,80,878,1
878.179,83,80,878,2
878.269,67,80,878,3
878.314,60,80,878,4
878.404,90,80,878,5
878.449,97,80,878,6
878.471,34,80,878,7
878.628,68,80,878,8
878.74,45,80,878,9
879.224,39,80,879,0
879.404,77,80,879,1
879.449,78,80,879,2
879.494,103,80,879,3
879.628,111,80,879,4
879.763,50,80,879,5
880.157,76,80,880,0
880.583,100,80,880,1
880.853,30,80,880,2
881.022,62,80,881,0
881.179,123,80,881,1
881.202,107,80,881,2
881.224,82,80,881,3
881.404,62,80,881,4
881.83,80,80,881,5
882.112,71,80,882,0
882.224,23,80,882,1
882.247,89,80,882,2
882.875,136,80,882,3
883.112,96,80,883,0
883.157,75,80,883,1
883.314,33,80,883,2
883.426,73,80,883,3
883.449,58,80,883,4
883.606,79,80,883,5
883.651,66,80,883,6
883.83,113,80,883,7
883.853,53,80,883,8
883.875,72,80,883,9
884.067,83,80,884,0
884.247,55,80,884,1
884.269,83,80,884,2
884.292,85,80,884,3
884.314,98,80,884,4
884.381,39,80,884,5
884.426,98,80,884,6
884.516,92,80,884,7
884.606,68,80,884,8
884.696,115,80,884,9
884.74,46,80,884,10
885.022,119,80,885,0
885.135,82,80,885,1
885.202,62,80,885,2
885.247,59,80,885,3
885.314,167,80,885,4
885.359,100,80,885,5
885.494,87,80,885,6
885.651,173,80,885,7
885.785,48,80,885,8
885.83,53,80,885,9
885.853,54,80,885,10
886.179,66,80,886,0
886.247,62,80,886,1
886.404,82,80,886,2
886.449,122,80,886,3
886.538,51,80,886,4
886.696,125,80,886,5
886.718,61,80,886,6
886.74,97,80,886,7
886.763,95,80,886,8
886.83,44,80,886,9
886.853,149,80,886,10
887.135,50,80,887,0
887.381,43,80,887,1
887.583,62,80,887,2
887.718,114,80,887,3
887.808,95,80,887,4
887.83,74,80,887,5
887.853,66,80,887,6
888.112,59,80,888,0
888.135,90,80,888,1
888.179,60,80,888,2
888.247,74,80,888,3
888.292,83,80,888,4
888.337,87,80,888,5
888.426,55,80,888,6
888.561,58,80,888,7
888.718,35,80,888,8
888.785,58,80,888,9
888.808,87,80,888,10
888.853,72,80,888,11
889.09,75,80,889,0
889.112,123,80,889,1
889.157,125,80,889,2
889.359,74,80,889,3
889.426,85,80,889,4
889.471,46,80,889,5
889.606,85,80,889,6
889.628,72,80,889,7
889.696,33,80,889,8
889.785,91,80,889,9
889.808,24,80,889,10
890.0,105,80,890,0
890.022,103,80,890,1
890.067,26,80,890,2
890.135,75,80,890,3
890.157,65,80,890,4
890.269,115,80,890,5
890.314,94,80,890,6
890.404,74,80,890,7
890.561,133,80,890,8
890.74,96,80,890,9
890.808,57,80,890,10
891.0,126,80,891,0
891.022,98,80,891,1
891.202,40,80,891,2
891.224,83,80,891,3
891.247,123,80,891,4
891.628,84,80,891,5
891.785,50,80,891,6
891.808,44,80,891,7
891.875,65,80,891,8
892.157,106,80,892,0
892.179,89,80,892,1
892.247,115,80,892,2
892.269,76,80,892,3
892.516,63,80,892,4
892.606,71,80,892,5
892.673,62,80,892,6
892.853,44,80,892,7
893.135,66,80,893,0
893.157,89,80,893,1
893.292,96,80,893,2
893.359,57,80,893,3
893.404,83,80,893,4
893.471,83,80,893,5
893.494,28,80,893,6
893.651,91,80,893,7
893.673,80,80,893,8
893.785,90,80,893,9
894.022,89,80,894,0
894.09,132,80,894,1
894.112,125,80,894,2
894.314,56,80,894,3
894.381,96,80,894,4
894.426,86,80,894,5
894.561,72,80,894,6
894.673,44,80,894,7
895.022,102,80,895,0
895.067,49,80,895,1
895.09,74,80,895,2
895.179,79,80,895,3
895.224,34,80,895,4
895.292,45,80,895,5
895.381,64,80,895,6
895.404,128,80,895,7
895.449,79,80,895,8
895.516,125,80,895,9
895.538,40,80,895,10
895.583,94,80,895,11
895.628,83,80,895,12
895.74,60,80,895,13
895.808,56,80,895,14
896.0,81,80,896,0
896.067,99,80,896,1
896.112,61,80,896,2
896.247,101,80,896,3
896.337,70,80,896,4
896.359,56,80,896,5
896.494,85,80,896,6
896.74,43,80,896,7
896.83,145,80,896,8
896.853,86,80,896,9
897.025,60,80,897,0
897.202,72,80,897,1
897.227,63,80,897,2
897.252,18,80,897,3
897.379,59,80,897,4
897.404,72,80,897,5
897.579,77,80,897,6
897.756,92,80,897,7
898.025,85,80,898,0
898.05,102,80,898,1
898.076,78,80,898,2
898.126,103,80,898,3
898.328,45,80,898,4
898.353,20,80,898,5
898.379,52,80,898,6
898.504,61,80,898,7
898.579,105,80,898,8
898.68,80,80,898,9
898.781,58,80,898,10
898.832,81,80,898,11
899.115,58,80,899,0
899.144,92,80,899,1
899.431,132,80,899,2
899.488,98,80,899,3
899.661,87,80,899,4
900.029,105,80,900,0
900.259,67,80,900,1
900.373,66,80,900,2
900.431,106,80,900,3
900.661,63,80,900,4
900.69,33,80,900,5
900.747,129,80,900,6
900.833,45,80,900,7
901.173,43,80,901,0
901.373,90,80,901,1
901.632,81,80,901,2
901.747,79,80,901,3
901.776,66,80,901,4
901.804,101,80,901,5
902.033,108,80,902,0
902.167,73,80,902,1
902.233,25,80,902,2
902.267,45,80,902,3
902.367,110,80,902,4
902.4,117,80,902,5
902.5,135,80,902,6
902.633,72,80,902,7
902.8,150,80,902,8
903.033,67,80,903,0
903.1,97,80,903,1
903.4,134,80,903,2
903.6,20,80,903,3
904.0,121,80,904,0
904.474,120,80,904,1
905.079,59,80,905,0
905.355,71,80,905,1
905.434,80,80,905,2
905.671,71,80,905,3
905.75,114,80,905,4
906.095,103,80,906,0
906.333,63,80,906,1
906.572,130,80,906,2
907.048,80,80,907,0
907.285,122,80,907,1
907.381,90,80,907,2
907.428,58,80,907,3
907.524,83,80,907,4
907.619,20,80,907,5
908.572,47,80,908,0
909.278,40,80,909,0
909.444,83,80,909,1
910.0,77,80,910,0
910.111,80,80,910,1
910.222,48,80,910,2
910.389,76,80,910,3
912.6,104,80,912,0
913.6,60,80,913,0
919.2,71,80,919,0
919.8,100,80,919,1
920.0,66,80,920,0
920.2,122,80,920,1
922.333,110,80,922,0
922.389,97,80,922,1
923.0,80,80,923,0
923.333,54,80,923,1
923.444,51,80,923,2
924.048,62,80,924,0
924.095,131,80,924,1
924.285,74,80,924,2
925.048,64,80,925,0
925.095,78,80,925,1
925.143,79,80,925,2
925.19,56,80,925,3
925.333,87,80,925,4
925.667,73,80,925,5
926.0,83,80,926,0
926.095,91,80,926,1
926.143,143,80,926,2
926.19,79,80,926,3
926.428,71,80,926,4
926.476,111,80,926,5
927.0,124,80,927,0
927.079,72,80,927,1
927.118,107,80,927,2
927.197,49,80,927,3
927.316,43,80,927,4
927.395,119,80,927,5
927.671,69,80,927,6
928.079,101,80,928,0
928.197,105,80,928,1
928.434,68,80,928,2
928.592,92,80,928,3
928.632,117,80,928,4
928.711,132,80,928,5
929.0,15,80,929,0
929.079,104,80,929,1
929.237,70,80,929,2
929.395,130,80,929,3
929.711,110,80,929,4
929.75,134,80,929,5
930.1,51,80,930,0
930.167,60,80,930,1
930.367,48,80,930,2
930.567,103,80,930,3
930.667,43,80,930,4
930.767,90,80,930,5
931.1,77,80,931,0
931.133,126,80,931,1
931.167,106,80,931,2
931.3,58,80,931,3
931.4,97,80,931,4
931.467,95,80,931,5
931.667,108,80,931,6
931.7,75,80,931,7
931.733,58,80,931,8
931.767,81,80,931,9
932.086,122,80,932,0
932.115,116,80,932,1
932.201,95,80,932,2
932.259,96,80,932,3
932.287,57,80,932,4
932.345,97,80,932,5
932.632,119,80,932,6
932.661,102,80,932,7
933.029,51,80,933,0
933.115,85,80,933,1
933.173,82,80,933,2
933.259,58,80,933,3
933.373,28,80,933,4
933.431,145,80,933,5
933.575,33,80,933,6
933.804,98,80,933,7
934.086,79,80,934,0
934.23,16,80,934,1
934.345,113,80,934,2
934.546,116,80,934,3
934.632,130,80,934,4
934.661,95,80,934,5
935.0,67,80,935,0
935.025,122,80,935,1
935.101,76,80,935,2
935.177,36,80,935,3
935.252,73,80,935,4
935.857,59,80,935,5
936.025,140,80,936,0
936.202,71,80,936,1
936.328,140,80,936,2
936.379,83,80,936,3
936.454,69,80,936,4
936.706,99,80,936,5
936.756,74,80,936,6
936.807,64,80,936,7
936.832,91,80,936,8
937.025,89,80,937,0
937.101,80,80,937,1
937.151,100,80,937,2
937.303,86,80,937,3
937.328,72,80,937,4
937.353,72,80,937,5
937.554,127,80,937,6
937.579,46,80,937,7
937.706,79,80,937,8
937.731,66,80,937,9
937.832,99,80,937,10
938.0,89,80,938,0
938.067,100,80,938,1
938.112,124,80,938,2
938.157,57,80,938,3
938.269,70,80,938,4
938.292,132,80,938,5
938.606,74,80,938,6
938.74,65,80,938,7
938.875,73,80,938,8
939.022,20,80,939,0
939.045,100,80,939,1
939.359,140,80,939,2
939.381,132,80,939,3
939.426,91,80,939,4
939.471,55,80,939,5
939.606,34,80,939,6
939.696,52,80,939,7
939.83,101,80,939,8
940.157,48,80,940,0
940.292,51,80,940,1
940.449,22,80,940,2
940.471,94,80,940,3
940.516,29,80,940,4
940.606,32,80,940,5
940.718,90,80,940,6
940.808,70,80,940,7
940.875,1,80,940,8
941.0,107,80,941,0
941.022,68,80,941,1
941.045,82,80,941,2
941.135,138,80,941,3
941.179,88,80,941,4
941.269,70,80,941,5
941.337,63,80,941,6
941.359,38,80,941,7
941.673,89,80,941,8
941.808,156,80,941,9
941.853,84,80,941,10
942.022,64,80,942,0
942.314,99,80,942,1
942.426,108,80,942,2
942.449,87,80,942,3
942.538,89,80,942,4
942.583,63,80,942,5
942.673,93,80,942,6
942.696,61,80,942,7
942.763,92,80,942,8
943.224,66,80,943,0
943.292,103,80,943,1
943.404,60,80,943,2
943.471,19,80,943,3
943.583,81,80,943,4
943.606,73,80,943,5
943.628,119,80,943,6
943.651,105,80,943,7
943.785,66,80,943,8
943.808,92,80,943,9
943.875,75,80,943,10
944.09,75,80,944,0
944.135,66,80,944,1
944.179,150,80,944,2
944.269,79,80,944,3
944.538,66,80,944,4
944.606,45,80,944,5
945.0,86,80,945,0
945.045,124,80,945,1
945.067,46,80,945,2
945.269,1,80,945,3
945.292,117,80,945,4
945.696,94,80,945,5
945.718,99,80,945,6
945.785,88,80,945,7
946.045,27,80,946,0
946.112,56,80,946,1
946.157,113,80,946,2
946.247,63,80,946,3
946.763,89,80,946,4
946.785,19,80,946,5
946.875,105,80,946,6
947.09,67,80,947,0
947.112,84,80,947,1
947.135,119,80,947,2
947.179,6,80,947,3
947.359,74,80,947,4
947.426,19,80,947,5
947.471,16,80,947,6
947.718,109,80,947,7
947.74,130,80,947,8
947.853,108,80,947,9
948.0,71,80,948,0
948.112,134,80,948,1
948.224,97,80,948,2
948.292,141,80,948,3
948.314,105,80,948,4
948.337,67,80,948,5
948.449,160,80,948,6
948.628,61,80,948,7
948.673,68,80,948,8
948.74,37,80,948,9
948.785,59,80,948,10
948.83,98,80,948,11
948.853,88,80,948,12
948.875,90,80,948,13
949.161,67,80,949,0
949.323,67,80,949,1
949.424,105,80,949,2
949.464,84,80,949,3
949.546,94,80,949,4
949.566,72,80,949,5
949.606,35,80,949,6
949.627,102,80,949,7
949.647,101,80,949,8
949.768,102,80,949,9
949.808,60,80,949,10
949.828,90,80,949,11
950.0,170,80,950,0
950.04,162,80,950,1
950.141,51,80,950,2
950.343,49,80,950,3
950.707,94,80,950,4
950.728,73,80,950,5
950.768,113,80,950,6
950.849,105,80,950,7
951.04,62,80,951,0
951.101,71,80,951,1
951.182,50,80,951,2
951.262,108,80,951,3
951.323,74,80,951,4
951.343,26,80,951,5
951.383,104,80,951,6
951.404,111,80,951,7
951.444,80,80,951,8
951.464,10,80,951,9
951.525,103,80,951,10
951.566,94,80,951,11
951.586,73,80,951,12
951.728,106,80,951,13
951.788,59,80,951,14
952.0,75,80,952,0
952.02,75,80,952,1
952.424,88,80,952,2
952.485,81,80,952,3
952.546,73,80,952,4
952.849,87,80,952,5
953.0,132,80,953,0
953.081,94,80,953,1
953.141,96,80,953,2
953.202,102,80,953,3
953.383,85,80,953,4
953.464,51,80,953,5
953.505,104,80,953,6
953.606,129,80,953,7
953.667,61,80,953,8
953.728,99,80,953,9
953.828,100,80,953,10
954.02,128,80,954,0
954.04,102,80,954,1
954.101,141,80,954,2
954.202,47,80,954,3
954.404,90,80,954,4
954.444,128,80,954,5
954.505,70,80,954,6
954.546,97,80,954,7
954.566,116,80,954,8
954.606,71,80,954,9
954.627,56,80,954,10
954.768,81,80,954,11
955.02,90,80,955,0
955.182,86,80,955,1
955.242,121,80,955,2
955.303,101,80,955,3
955.323,108,80,955,4
955.464,60,80,955,5
955.505,105,80,955,6
955.525,53,80,955,7
955.647,77,80,955,8
955.667,114,80,955,9
955.748,118,80,955,10
955.788,113,80,955,11
955.869,140,80,955,12
956.04,88,80,956,0
956.081,74,80,956,1
956.242,84,80,956,2
956.262,59,80,956,3
956.323,118,80,956,4
956.363,56,80,956,5
956.464,116,80,956,6
956.546,62,80,956,7
956.647,105,80,956,8
956.768,111,80,956,9
957.02,82,80,957,0
957.061,74,80,957,1
957.141,71,80,957,2
957.182,39,80,957,3
957.323,83,80,957,4
957.383,78,80,957,5
957.424,76,80,957,6
957.444,30,80,957,7
957.627,66,80,957,8
957.647,90,80,957,9
957.728,46,80,957,10
957.748,67,80,957,11
957.808,28,80,957,12
957.849,93,80,957,13
958.04,114,80,958,0
958.061,73,80,958,1
958.081,153,80,958,2
958.101,53,80,958,3
958.141,68,80,958,4
958.202,39,80,958,5
958.303,108,80,958,6
958.323,65,80,958,7
958.383,102,80,958,8
958.424,92,80,958,9
958.444,63,80,958,10
958.505,82,80,958,11
958.566,112,80,958,12
958.627,85,80,958,13
958.667,56,80,958,14
958.748,85,80,958,15
958.788,107,80,958,16
958.869,78,80,958,17
959.02,84,80,959,0
959.061,61,80,959,1
959.182,53,80,959,2
959.262,50,80,959,3
959.303,76,80,959,4
959.343,101,80,959,5
959.383,66,80,959,6
959.586,63,80,959,7
959.606,125,80,959,8
959.627,40,80,959,9
959.728,78,80,959,10
960.04,118,80,960,0
960.061,83,80,960,1
960.121,65,80,960,2
960.141,37,80,960,3
960.283,106,80,960,4
960.323,77,80,960,5
960.464,89,80,960,6
960.485,1,80,960,7
960.505,103,80,960,8
960.546,79,80,960,9
960.667,71,80,960,10
960.748,94,80,960,11
960.768,47,80,960,12
960.808,45,80,960,13
960.849,59,80,960,14
961.161,72,80,961,0
961.283,89,80,961,1
961.343,114,80,961,2
961.505,70,80,961,3
961.586,69,80,961,4
961.728,46,80,961,5
962.04,57,80,962,0
962.101,115,80,962,1
962.182,74,80,962,2
962.242,91,80,962,3
962.303,130,80,962,4
962.546,125,80,962,5
962.566,88,80,962,6
962.748,56,80,962,7
962.808,42,80,962,8
962.828,66,80,962,9
963.121,68,80,963,0
963.161,74,80,963,1
963.262,127,80,963,2
963.283,111,80,963,3
963.303,94,80,963,4
963.383,78,80,963,5
963.525,57,80,963,6
963.647,77,80,963,7
963.748,90,80,963,8
963.808,46,80,963,9
964.0,96,80,964,0
964.061,62,80,964,1
964.161,63,80,964,2
964.202,130,80,964,3
964.283,111,80,964,4
964.343,69,80,964,5
964.383,82,80,964,6
964.586,114,80,964,7
964.606,83,80,964,8
964.707,78,80,964,9
964.828,83,80,964,10
965.09,116,80,965,0
965.359,91,80,965,1
965.381,103,80,965,2
965.449,99,80,965,3
965.471,14,80,965,4
965.494,70,80,965,5
965.538,88,80,965,6
965.696,91,80,965,7
965.718,57,80,965,8
965.763,21,80,965,9
965.808,156,80,965,10
965.83,28,80,965,11
966.112,103,80,966,0
966.202,107,80,966,1
966.224,66,80,966,2
966.269,140,80,966,3
966.292,35,80,966,4
966.314,77,80,966,5
966.404,110,80,966,6
966.494,77,80,966,7
966.538,82,80,966,8
966.606,50,80,966,9
966.808,38,80,966,10
966.83,123,80,966,11
967.112,70,80,967,0
967.179,66,80,967,1
967.269,60,80,967,2
967.337,96,80,967,3
967.404,61,80,967,4
967.449,125,80,967,5
967.494,117,80,967,6
967.516,87,80,967,7
967.561,33,80,967,8
967.606,84,80,967,9
967.651,41,80,967,10
967.718,63,80,967,11
967.83,78,80,967,12
967.875,55,80,967,13
968.067,161,80,968,0
968.135,47,80,968,1
968.247,54,80,968,2
968.269,93,80,968,3
968.292,47,80,968,4
968.337,108,80,968,5
968.449,119,80,968,6
968.583,75,80,968,7
968.673,55,80,968,8
968.718,114,80,968,9
968.853,88,80,968,10
969.045,75,80,969,0
969.179,1,80,969,1
969.247,132,80,969,2
969.337,109,80,969,3
969.426,84,80,969,4
969.538,46,80,969,5
969.561,95,80,969,6
969.628,17,80,969,7
969.651,59,80,969,8
969.74,76,80,969,9
970.0,90,80,970,0
970.09,135,80,970,1
970.247,92,80,970,2
970.538,138,80,970,3
970.583,47,80,970,4
970.606,101,80,970,5
970.628,60,80,970,6
970.763,95,80,970,7
970.808,62,80,970,8
970.853,62,80,970,9
971.05,78,80,971,0
971.177,76,80,971,1
971.278,77,80,971,2
971.303,114,80,971,3
971.429,77,80,971,4
971.63,70,80,971,5
971.68,126,80,971,6
971.706,67,80,971,7
971.756,89,80,971,8
971.832,88,80,971,9
972.0,117,80,972,0
972.05,91,80,972,1
972.303,79,80,972,2
972.429,122,80,972,3
972.479,58,80,972,4
972.68,59,80,972,5
972.731,169,80,972,6
972.832,85,80,972,7
972.857,96,80,972,8
973.076,68,80,973,0
973.101,84,80,973,1
973.177,86,80,973,2
973.202,88,80,973,3
973.227,133,80,973,4
973.278,63,80,973,5
973.328,99,80,973,6
973.353,19,80,973,7
973.529,30,80,973,8
973.554,107,80,973,9
973.706,84,80,973,10
973.832,79,80,973,11
974.101,18,80,974,0
974.227,79,80,974,1
974.278,84,80,974,2
974.529,122,80,974,3
974.655,102,80,974,4
974.68,51,80,974,5
974.706,73,80,974,6
974.731,6,80,974,7
974.807,66,80,974,8
974.832,115,80,974,9
975.252,44,80,975,0
975.278,109,80,975,1
975.379,123,80,975,2
975.454,45,80,975,3
975.504,100,80,975,4
975.554,90,80,975,5
975.579,104,80,975,6
975.655,77,80,975,7
975.706,78,80,975,8
975.731,54,80,975,9
976.029,77,80,976,0
976.173,125,80,976,1
976.201,67,80,976,2
976.23,97,80,976,3
976.345,95,80,976,4
976.402,129,80,976,5
976.46,85,80,976,6
977.029,57,80,977,0
977.115,83,80,977,1
977.23,95,80,977,2
977.259,72,80,977,3
977.287,55,80,977,4
977.316,80,80,977,5
977.747,111,80,977,6
978.029,68,80,978,0
978.086,95,80,978,1
978.144,88,80,978,2
978.201,56,80,978,3
978.287,25,80,978,4
978.345,9,80,978,5
978.46,106,80,978,6
978.488,120,80,978,7
978.546,96,80,978,8
978.604,34,80,978,9
978.69,73,80,978,10
978.719,32,80,978,11
978.833,36,80,978,12
979.259,115,80,979,0
979.517,101,80,979,1
979.747,63,80,979,2
979.776,81,80,979,3
980.029,78,80,980,0
980.086,85,80,980,1
980.287,51,80,980,2
980.345,24,80,980,3
980.373,133,80,980,4
980.431,5,80,980,5
980.604,90,80,980,6
980.69,104,80,980,7
980.833,68,80,980,8
981.086,42,80,981,0
981.115,75,80,981,1
981.201,84,80,981,2
981.287,58,80,981,3
981.46,55,80,981,4
981.488,32,80,981,5
981.517,87,80,981,6
981.575,58,80,981,7
981.661,74,80,981,8
981.719,103,80,981,9
982.0,80,80,982,0
982.133,58,80,982,1
982.6,95,80,982,2
982.633,48,80,982,3
982.667,108,80,982,4
982.7,90,80,982,5
982.767,119,80,982,6
982.8,137,80,982,7
983.0,105,80,983,0
983.067,77,80,983,1
983.233,85,80,983,2
983.467,60,80,983,3
983.533,83,80,983,4
983.633,74,80,983,5
983.7,70,80,983,6
983.733,79,80,983,7
984.1,60,80,984,0
984.4,72,80,984,1
984.633,41,80,984,2
984.767,80,80,984,3
985.118,86,80,985,0
985.158,51,80,985,1
985.197,81,80,985,2
985.237,45,80,985,3
985.276,127,80,985,4
985.75,166,80,985,5
986.158,80,80,986,0
986.276,46,80,986,1
986.592,35,80,986,2
986.671,48,80,986,3
986.711,83,80,986,4
987.0,110,80,987,0
987.632,56,80,987,1
988.0,110,80,988,0
988.158,94,80,988,1
988.316,53,80,988,2
988.355,40,80,988,3
988.474,69,80,988,4
988.553,20,80,988,5
988.632,111,80,988,6
989.19,76,80,989,0
989.667,60,80,989,1
990.095,113,80,990,0
990.143,76,80,990,1
990.19,61,80,990,2
990.238,86,80,990,3
990.285,64,80,990,4
990.381,143,80,990,5
990.572,98,80,990,6
990.667,84,80,990,7
991.048,45,80,991,0
991.095,105,80,991,1
991.19,71,80,991,2
991.238,69,80,991,3
991.285,93,80,991,4
991.333,84,80,991,5
992.333,64,80,992,0
992.389,117,80,992,1
992.444,78,80,992,2
993.0,86,80,993,0
993.167,134,80,993,1
993.5,50,80,993,2
994.0,82,80,994,0
994.278,116,80,994,1
994.444,78,80,994,2
994.5,38,80,994,3
995.0,104,80,995,0
995.222,51,80,995,1
996.8,74,80,996,0
997.6,52,80,997,0
997.8,76,80,997,1
998.4,95,80,998,0
998.6,88,80,998,1
998.8,113,80,998,2
999.0,115,80,999,0
999.4,12,80,999,1
1014.0,105,80,1014,0
1014.6,148,80,1014,1
1015.0,68,80,1015,0
1016.4,73,80,1016,0
1016.8,65,80,1016,1
1017.0,56,80,1017,0
1017.6,86,80,1017,1
1017.8,79,80,1017,2
1019.8,95,80,1019,0
1020.4,155,80,1020,0
1020.6,69,80,1020,1
1021.0,49,80,1021,0
1021.8,154,80,1021,1
1022.4,91,80,1022,0
1023.2,79,80,1023,0
1023.8,33,80,1023,1
1024.4,59,80,1024,0
1024.6,152,80,1024,1
1025.2,75,80,1025,0
1028.8,68,80,1028,0
1029.2,64,80,1029,0
1030.0,102,80,1030,0
1030.2,76,80,1030,1
1030.4,95,80,1030,2
1030.6,77,80,1030,3
1031.4,67,80,1031,0
1032.0,73,80,1032,0
1033.0,118,80,1033,0
1033.6,96,80,1033,1
1033.8,43,80,1033,2
1034.0,27,80,1034,0
1035.2,105,80,1035,0
1070.0,79,80,1070,0
1070.6,82,80,1070,1
1071.222,57,80,1071,0
1072.285,35,80,1072,0
1072.381,105,80,1072,1
1072.428,151,80,1072,2
1072.476,48,80,1072,3
1072.572,63,80,1072,4
1072.619,120,80,1072,5
1072.667,85,80,1072,6
1073.0,98,80,1073,0
1073.19,120,80,1073,1
1073.238,72,80,1073,2
1073.428,120,80,1073,3
1073.524,53,80,1073,4
1073.572,50,80,1073,5
1073.667,79,80,1073,6
1074.592,128,80,1074,0
1075.1,102,80,1075,0
1075.167,62,80,1075,1
1075.2,78,80,1075,2
1075.267,2,80,1075,3
1075.3,23,80,1075,4
1075.4,79,80,1075,5
1075.467,53,80,1075,6
1075.533,75,80,1075,7
1075.767,124,80,1075,8
1075.8,73,80,1075,9
1076.0,62,80,1076,0
1076.029,51,80,1076,1
1076.115,55,80,1076,2
1076.201,64,80,1076,3
1076.23,35,80,1076,4
1076.259,45,80,1076,5
1076.287,87,80,1076,6
1076.373,93,80,1076,7
1076.632,48,80,1076,8
1077.0,102,80,1077,0
1077.025,75,80,1077,1
1077.076,79,80,1077,2
1077.151,88,80,1077,3
1077.227,78,80,1077,4
1077.278,64,80,1077,5
1077.303,106,80,1077,6
1077.404,127,80,1077,7
1077.479,40,80,1077,8
1077.554,109,80,1077,9
1077.605,55,80,1077,10
1077.807,114,80,1077,11
1077.832,22,80,1077,12
1078.0,116,80,1078,0
1078.067,74,80,1078,1
1078.135,72,80,1078,2
1078.179,96,80,1078,3
1078.314,73,80,1078,4
1078.404,79,80,1078,5
1078.763,133,80,1078,6
1079.0,84,80,1079,0
1079.022,67,80,1079,1
1079.09,52,80,1079,2
1079.112,72,80,1079,3
1079.179,142,80,1079,4
1079.202,57,80,1079,5
1079.224,82,80,1079,6
1079.269,81,80,1079,7
1079.359,107,80,1079,8
1079.449,85,80,1079,9
1079.673,96,80,1079,10
1079.696,120,80,1079,11
1079.853,108,80,1079,12
1080.061,92,80,1080,0
1080.141,42,80,1080,1
1080.343,55,80,1080,2
1080.383,87,80,1080,3
1080.444,110,80,1080,4
1080.566,72,80,1080,5
1080.586,89,80,1080,6
1080.606,122,80,1080,7
1080.627,36,80,1080,8
1080.667,71,80,1080,9
1080.828,154,80,1080,10
1080.889,108,80,1080,11
1081.037,130,80,1081,0
1081.055,83,80,1081,1
1081.257,70,80,1081,2
1081.331,106,80,1081,3
1081.367,58,80,1081,4
1081.441,40,80,1081,5
1081.496,49,80,1081,6
1081.551,59,80,1081,7
1081.68,73,80,1081,8
1081.735,84,80,1081,9
1081.771,89,80,1081,10
1081.79,79,80,1081,11
1081.845,65,80,1081,12
1081.863,57,80,1081,13
1082.017,58,80,1082,0
1082.101,54,80,1082,1
1082.135,111,80,1082,2
1082.27,77,80,1082,3
1082.337,61,80,1082,4
1082.371,1,80,1082,5
1082.388,52,80,1082,6
1082.505,85,80,1082,7
1082.572,100,80,1082,8
1082.74,87,80,1082,9
1082.774,29,80,1082,10
1082.808,88,80,1082,11
1082.909,125,80,1082,12
1083.015,61,80,1083,0
1083.109,97,80,1083,1
1083.249,71,80,1083,2
1083.264,57,80,1083,3
1083.31,44,80,1083,4
1083.373,145,80,1083,5
1083.404,71,80,1083,6
1083.451,78,80,1083,7
1083.466,107,80,1083,8
1083.482,117,80,1083,9
1083.528,115,80,1083,10
1083.544,154,80,1083,11
1083.637,112,80,1083,12
1083.653,72,80,1083,13
1083.668,88,80,1083,14
1083.777,98,80,1083,15
1083.87,80,80,1083,16
1083.886,106,80,1083,17
1083.901,68,80,1083,18
1084.029,135,80,1084,0
1084.101,21,80,1084,1
1084.115,80,80,1084,2
1084.188,84,80,1084,3
1084.217,1,80,1084,4
1084.231,17,80,1084,5
1084.26,128,80,1084,6
1084.274,127,80,1084,7
1084.303,120,80,1084,8
1084.318,62,80,1084,9
1084.404,88,80,1084,10
1084.419,93,80,1084,11
1084.462,50,80,1084,12
1084.548,110,80,1084,13
1084.663,88,80,1084,14
1084.721,98,80,1084,15
1084.764,75,80,1084,16
1084.851,40,80,1084,17
1084.865,54,80,1084,18
1084.88,108,80,1084,19
1084.909,116,80,1084,20
1085.0,99,80,1085,0
1085.029,91,80,1085,1
1085.058,106,80,1085,2
1085.245,109,80,1085,3
1085.26,51,80,1085,4
1085.274,104,80,1085,5
1085.289,107,80,1085,6
1085.318,113,80,1085,7
1085.361,125,80,1085,8
1085.375,94,80,1085,9
1085.404,49,80,1085,10
1085.462,49,80,1085,11
1085.49,105,80,1085,12
1085.533,108,80,1085,13
1085.706,30,80,1085,14
1085.822,97,80,1085,15
1085.923,56,80,1085,16
1086.04,77,80,1086,0
1086.202,84,80,1086,1
1086.215,85,80,1086,2
1086.242,135,80,1086,3
1086.31,106,80,1086,4
1086.323,95,80,1086,5
1086.418,80,80,1086,6
1086.458,63,80,1086,7
1086.498,115,80,1086,8
1086.538,85,80,1086,9
1086.686,52,80,1086,10
1086.781,38,80,1086,11
1086.821,51,80,1086,12
1086.834,81,80,1086,13
1086.888,67,80,1086,14
1086.915,70,80,1086,15
1087.113,86,80,1087,0
1087.126,39,80,1087,1
1087.176,40,80,1087,2
1087.278,53,80,1087,3
1087.315,54,80,1087,4
1087.34,61,80,1087,5
1087.442,120,80,1087,6
1087.479,74,80,1087,7
1087.555,71,80,1087,8
1087.58,66,80,1087,9
1087.656,67,80,1087,10
1087.681,89,80,1087,11
1087.757,74,80,1087,12
1087.769,107,80,1087,13
1087.807,110,80,1087,14
1087.845,43,80,1087,15
1087.908,92,80,1087,16
1087.933,60,80,1087,17
1088.071,139,80,1088,0
1088.095,123,80,1088,1
1088.107,91,80,1088,2
1088.119,73,80,1088,3
1088.143,102,80,1088,4
1088.166,52,80,1088,5
1088.214,83,80,1088,6
1088.226,85,80,1088,7
1088.237,54,80,1088,8
1088.249,116,80,1088,9
1088.308,91,80,1088,10
1088.32,91,80,1088,11
1088.332,144,80,1088,12
1088.368,89,80,1088,13
1088.404,50,80,1088,14
1088.44,110,80,1088,15
1088.475,118,80,1088,16
1088.557,69,80,1088,17
1088.569,92,80,1088,18
1088.581,90,80,1088,19
1088.629,82,80,1088,20
1088.653,56,80,1088,21
1088.677,94,80,1088,22
1088.689,131,80,1088,23
1088.712,69,80,1088,24
1088.748,44,80,1088,25
1088.771,101,80,1088,26
1088.83,66,80,1088,27
1088.89,19,80,1088,28
1088.914,60,80,1088,29
1088.938,80,80,1088,30
1089.0,51,80,1089,0
1089.011,81,80,1089,1
1089.079,98,80,1089,2
1089.135,68,80,1089,3
1089.157,37,80,1089,4
1089.28,74,80,1089,5
1089.336,93,80,1089,6
1089.347,56,80,1089,7
1089.381,111,80,1089,8
1089.594,90,80,1089,9
1089.684,67,80,1089,10
1089.717,33,80,1089,11
1089.74,118,80,1089,12
1089.785,97,80,1089,13
1089.796,72,80,1089,14
1089.807,79,80,1089,15
1090.0,76,80,1090,0
1090.021,55,80,1090,1
1090.043,60,80,1090,2
1090.064,65,80,1090,3
1090.085,89,80,1090,4
1090.127,133,80,1090,5
1090.181,65,80,1090,6
1090.191,103,80,1090,7
1090.255,124,80,1090,8
1090.276,33,80,1090,9
1090.297,93,80,1090,10
1090.318,93,80,1090,11
1090.329,70,80,1090,12
1090.35,70,80,1090,13
1090.371,56,80,1090,14
1090.393,66,80,1090,15
1090.488,21,80,1090,16
1090.509,67,80,1090,17
1090.594,44,80,1090,18
1090.69,87,80,1090,19
1090.7,80,80,1090,20
1090.732,153,80,1090,21
1090.796,70,80,1090,22
1090.817,121,80,1090,23
1090.838,109,80,1090,24
1090.902,82,80,1090,25
1090.912,102,80,1090,26
1090.933,89,80,1090,27
1090.944,90,80,1090,28
1091.0,84,80,1091,0
1091.079,99,80,1091,1
1091.124,74,80,1091,2
1091.235,106,80,1091,3
1091.246,92,80,1091,4
1091.257,105,80,1091,5
1091.302,66,80,1091,6
1091.359,86,80,1091,7
1091.471,50,80,1091,8
1091.493,78,80,1091,9
1091.504,65,80,1091,10
1091.549,113,80,1091,11
1091.582,75,80,1091,12
1091.65,71,80,1091,13
1091.728,84,80,1091,14
1091.74,88,80,1091,15
1091.762,70,80,1091,16
1091.818,103,80,1091,17
1091.841,37,80,1091,18
1091.93,53,80,1091,19
1092.024,3,80,1092,0
1092.178,68,80,1092,1
1092.249,21,80,1092,2
1092.261,119,80,1092,3
1092.332,84,80,1092,4
1092.404,60,80,1092,5
1092.416,117,80,1092,6
1092.44,51,80,1092,7
1092.475,61,80,1092,8
1092.487,108,80,1092,9
1092.498,88,80,1092,10
1092.51,44,80,1092,11
1092.522,58,80,1092,12
1092.534,40,80,1092,13
1092.546,114,80,1092,14
1092.593,53,80,1092,15
1092.653,51,80,1092,16
1092.665,131,80,1092,17
1092.748,77,80,1092,18
1092.783,116,80,1092,19
1092.807,51,80,1092,20
1092.89,69,80,1092,21
1093.0,174,80,1093,0
1093.012,69,80,1093,1
1093.047,76,80,1093,2
1093.083,32,80,1093,3
1093.119,126,80,1093,4
1093.131,147,80,1093,5
1093.155,105,80,1093,6
1093.166,77,80,1093,7
1093.285,73,80,1093,8
1093.44,46,80,1093,9
1093.534,92,80,1093,10
1093.617,50,80,1093,11
1093.736,80,80,1093,12
1093.748,35,80,1093,13
1093.771,57,80,1093,14
1093.783,93,80,1093,15
1093.83,89,80,1093,16
1093.842,90,80,1093,17
1093.926,66,80,1093,18
1094.025,16,80,1094,0
1094.038,41,80,1094,1
1094.101,6,80,1094,2
1094.126,65,80,1094,3
1094.164,39,80,1094,4
1094.202,145,80,1094,5
1094.214,35,80,1094,6
1094.278,81,80,1094,7
1094.328,32,80,1094,8
1094.34,98,80,1094,9
1094.378,83,80,1094,10
1094.429,100,80,1094,11
1094.442,89,80,1094,12
1094.479,104,80,1094,13
1094.605,33,80,1094,14
1094.631,79,80,1094,15
1094.719,49,80,1094,16
1094.731,67,80,1094,17
1094.908,16,80,1094,18
1095.013,34,80,1095,0
1095.063,82,80,1095,1
1095.101,135,80,1095,2
1095.113,97,80,1095,3
1095.138,129,80,1095,4
1095.176,111,80,1095,5
1095.24,101,80,1095,6
1095.34,58,80,1095,7
1095.404,91,80,1095,8
1095.442,104,80,1095,9
1095.454,72,80,1095,10
1095.567,76,80,1095,11
1095.593,106,80,1095,12
1095.631,97,80,1095,13
1095.643,91,80,1095,14
1095.681,87,80,1095,15
1095.706,59,80,1095,16
1095.731,64,80,1095,17
1095.933,17,80,1095,18
1096.094,74,80,1096,0
1096.108,135,80,1096,1
1096.202,93,80,1096,2
1096.269,107,80,1096,3
1096.283,94,80,1096,4
1096.35,85,80,1096,5
1096.377,119,80,1096,6
1096.404,68,80,1096,7
1096.485,83,80,1096,8
1096.511,83,80,1096,9
1096.578,68,80,1096,10
1096.673,104,80,1096,11
1096.686,21,80,1096,12
1096.7,154,80,1096,13
1096.713,92,80,1096,14
1096.754,94,80,1096,15
1096.767,81,80,1096,16
1096.781,84,80,1096,17
1096.808,69,80,1096,18
1096.875,18,80,1096,19
1096.902,78,80,1096,20
1097.067,93,80,1097,0
1097.094,122,80,1097,1
1097.108,103,80,1097,2
1097.121,39,80,1097,3
1097.175,80,80,1097,4
1097.202,115,80,1097,5
1097.269,84,80,1097,6
1097.283,51,80,1097,7
1097.363,106,80,1097,8
1097.377,59,80,1097,9
1097.404,86,80,1097,10
1097.458,91,80,1097,11
1097.485,97,80,1097,12
1097.565,88,80,1097,13
1097.659,95,80,1097,14
1097.686,87,80,1097,15
1097.7,120,80,1097,16
1097.727,36,80,1097,17
1097.74,114,80,1097,18
1097.767,66,80,1097,19
1097.781,118,80,1097,20
1098.0,85,80,1098,0
1098.014,93,80,1098,1
1098.159,86,80,1098,2
1098.217,74,80,1098,3
1098.332,36,80,1098,4
1098.404,40,80,1098,5
1098.448,103,80,1098,6
1098.865,78,80,1098,7
1098.88,68,80,1098,8
1099.043,61,80,1099,0
1099.26,69,80,1099,1
1099.303,84,80,1099,2
1099.332,78,80,1099,3
1099.39,97,80,1099,4
1099.404,99,80,1099,5
1099.448,89,80,1099,6
1099.462,103,80,1099,7
1099.605,76,80,1099,8
1099.649,34,80,1099,9
1099.865,68,80,1099,10
1099.894,91,80,1099,11
1100.077,68,80,1100,0
1100.093,70,80,1100,1
1100.124,41,80,1100,2
1100.249,61,80,1100,3
1100.28,65,80,1100,4
1100.295,82,80,1100,5
1100.42,51,80,1100,6
1100.559,66,80,1100,7
1100.575,118,80,1100,8
1100.684,62,80,1100,9
1100.715,96,80,1100,10
1100.73,1,80,1100,11
1100.746,112,80,1100,12
1100.808,65,80,1100,13
1100.886,76,80,1100,14
1100.917,105,80,1100,15
1101.0,55,80,1101,0
1101.015,50,80,1101,1
1101.124,108,80,1101,2
1101.14,53,80,1101,3
1101.171,75,80,1101,4
1101.218,88,80,1101,5
1101.31,118,80,1101,6
1101.42,40,80,1101,7
1101.435,133,80,1101,8
1101.466,88,80,1101,9
1101.482,115,80,1101,10
1101.513,81,80,1101,11
1101.59,96,80,1101,12
1101.637,65,80,1101,13
1101.653,132,80,1101,14
1101.699,45,80,1101,15
1101.839,97,80,1101,16
1101.854,168,80,1101,17
1101.901,46,80,1101,18
1102.286,109,80,1102,0
1102.354,58,80,1102,1
1102.488,102,80,1102,2
1102.555,122,80,1102,3
1102.673,66,80,1102,4
1102.724,37,80,1102,5
1102.825,48,80,1102,6
1102.858,99,80,1102,7
1102.892,21,80,1102,8
1103.051,99,80,1103,0
1103.067,67,80,1103,1
1103.202,97,80,1103,2
1103.337,117,80,1103,3
1103.673,124,80,1103,4
1103.757,81,80,1103,5
1103.825,25,80,1103,6
1103.858,50,80,1103,7
1103.892,74,80,1103,8
1104.073,97,80,1104,0
1104.386,88,80,1104,1
1104.422,99,80,1104,2
1104.459,102,80,1104,3
1104.478,60,80,1104,4
1104.496,109,80,1104,5
1104.551,65,80,1104,6
1104.588,99,80,1104,7
1104.643,38,80,1104,8
1104.661,22,80,1104,9
1104.68,70,80,1104,10
1104.753,106,80,1104,11
1104.808,147,80,1104,12
1104.845,21,80,1104,13
1104.863,56,80,1104,14
1105.018,63,80,1105,0
1105.184,77,80,1105,1
1105.276,95,80,1105,2
1105.294,120,80,1105,3
1105.331,74,80,1105,4
1105.404,19,80,1105,5
1105.478,91,80,1105,6
1105.514,108,80,1105,7
1105.569,63,80,1105,8
1105.661,107,80,1105,9
1105.698,64,80,1105,10
1105.771,80,80,1105,11
1105.827,57,80,1105,12
1105.882,68,80,1105,13
1106.04,48,80,1106,0
1106.061,130,80,1106,1
1106.081,92,80,1106,2
1106.101,32,80,1106,3
1106.141,142,80,1106,4
1106.161,95,80,1106,5
1106.182,97,80,1106,6
1106.242,70,80,1106,7
1106.363,163,80,1106,8
1106.444,71,80,1106,9
1106.464,126,80,1106,10
1106.525,113,80,1106,11
1106.667,67,80,1106,12
1106.869,86,80,1106,13
1107.121,153,80,1107,0
1107.182,99,80,1107,1
1107.202,93,80,1107,2
1107.262,157,80,1107,3
1107.525,110,80,1107,4
1107.566,91,80,1107,5
1107.586,68,80,1107,6
1107.647,83,80,1107,7
1107.748,121,80,1107,8
1107.869,108,80,1107,9
1108.247,1,80,1108,0
1108.426,41,80,1108,1
1108.471,82,80,1108,2
1108.628,45,80,1108,3
1108.651,100,80,1108,4
1108.763,102,80,1108,5
1109.09,51,80,1109,0
1109.135,102,80,1109,1
1109.292,66,80,1109,2
1109.538,61,80,1109,3
1109.561,80,80,1109,4
1109.83,109,80,1109,5
1109.853,1,80,1109,6
1110.0,69,80,1110,0
1110.05,121,80,1110,1
1110.202,112,80,1110,2
1110.303,65,80,1110,3
1110.429,118,80,1110,4
1110.605,90,80,1110,5
1110.63,108,80,1110,6
1110.68,89,80,1110,7
1110.706,61,80,1110,8
1110.756,106,80,1110,9
1110.781,115,80,1110,10
1110.832,73,80,1110,11
1111.0,118,80,1111,0
1111.076,61,80,1111,1
1111.177,70,80,1111,2
1111.202,56,80,1111,3
1111.303,44,80,1111,4
1111.504,60,80,1111,5
1111.605,71,80,1111,6
1111.781,102,80,1111,7
1111.857,127,80,1111,8
1112.029,80,80,1112,0
1112.173,72,80,1112,1
1112.517,84,80,1112,2
1112.575,104,80,1112,3
1112.632,43,80,1112,4
1113.086,102,80,1113,0
1113.259,64,80,1113,1
1113.287,100,80,1113,2
1113.373,60,80,1113,3
1113.488,85,80,1113,4
1113.517,69,80,1113,5
1113.604,99,80,1113,6
1113.661,130,80,1113,7
1113.719,99,80,1113,8
1114.029,89,80,1114,0
1114.144,38,80,1114,1
1114.173,87,80,1114,2
1114.259,78,80,1114,3
1114.316,64,80,1114,4
1114.373,89,80,1114,5
1114.431,66,80,1114,6
1114.46,106,80,1114,7
1114.488,67,80,1114,8
1114.604,62,80,1114,9
1114.719,104,80,1114,10
1115.144,72,80,1115,0
1115.345,34,80,1115,1
1115.402,102,80,1115,2
1115.632,81,80,1115,3
1115.804,78,80,1115,4
1115.833,37,80,1115,5
1116.201,95,80,1116,0
1116.23,157,80,1116,1
1116.287,64,80,1116,2
1116.546,81,80,1116,3
1116.747,104,80,1116,4
1116.776,88,80,1116,5
1116.804,27,80,1116,6
1117.0,59,80,1117,0
1117.029,73,80,1117,1
1117.058,63,80,1117,2
1117.115,56,80,1117,3
1117.173,138,80,1117,4
1117.201,104,80,1117,5
1117.287,84,80,1117,6
1117.316,87,80,1117,7
1117.488,158,80,1117,8
1117.575,85,80,1117,9
1117.604,56,80,1117,10
1117.632,60,80,1117,11
1117.833,42,80,1117,12
1118.029,96,80,1118,0
1118.058,50,80,1118,1
1118.115,57,80,1118,2
1118.144,87,80,1118,3
1118.259,98,80,1118,4
1118.316,91,80,1118,5
1118.517,64,80,1118,6
1118.69,76,80,1118,7
1118.719,88,80,1118,8
1118.804,87,80,1118,9
1119.029,72,80,1119,0
1119.058,56,80,1119,1
1119.259,71,80,1119,2
1119.316,50,80,1119,3
1119.345,107,80,1119,4
1119.517,73,80,1119,5
1119.747,125,80,1119,6
1120.115,91,80,1120,0
1120.345,85,80,1120,1
1120.546,96,80,1120,2
1120.575,73,80,1120,3
1120.604,97,80,1120,4
1120.69,101,80,1120,5
1120.776,101,80,1120,6
1120.804,51,80,1120,7
1121.144,81,80,1121,0
1121.173,77,80,1121,1
1121.287,88,80,1121,2
1121.431,92,80,1121,3
1121.661,132,80,1121,4
1121.747,115,80,1121,5
1122.115,55,80,1122,0
1122.259,126,80,1122,1
1122.287,88,80,1122,2
1122.373,81,80,1122,3
1122.431,108,80,1122,4
1122.661,111,80,1122,5
1122.747,86,80,1122,6
1123.058,122,80,1123,0
1123.201,1,80,1123,1
1123.287,82,80,1123,2
1123.316,86,80,1123,3
1123.431,82,80,1123,4
1123.517,84,80,1123,5
1123.546,78,80,1123,6
1123.747,38,80,1123,7
1124.23,92,80,1124,0
1124.345,93,80,1124,1
1124.488,66,80,1124,2
1124.776,98,80,1124,3
1125.086,58,80,1125,0
1125.173,114,80,1125,1
1125.345,75,80,1125,2
1125.46,1,80,1125,3
1125.488,53,80,1125,4
1125.517,62,80,1125,5
1125.575,73,80,1125,6
1125.632,80,80,1125,7
1126.144,66,80,1126,0
1126.201,114,80,1126,1
1126.373,38,80,1126,2
1126.488,82,80,1126,3
1126.632,74,80,1126,4
1126.719,99,80,1126,5
1127.058,91,80,1127,0
1127.086,72,80,1127,1
1127.201,87,80,1127,2
1127.316,143,80,1127,3
1127.345,49,80,1127,4
1127.46,87,80,1127,5
1127.488,69,80,1127,6
1127.776,174,80,1127,7
1128.029,66,80,1128,0
1128.058,123,80,1128,1
1128.086,67,80,1128,2
1128.287,68,80,1128,3
1128.46,81,80,1128,4
1128.488,106,80,1128,5
1128.776,117,80,1128,6
1129.0,24,80,1129,0
1129.029,65,80,1129,1
1129.173,132,80,1129,2
1129.23,110,80,1129,3
1129.287,98,80,1129,4
1129.373,22,80,1129,5
1129.431,97,80,1129,6
1129.488,49,80,1129,7
1129.632,96,80,1129,8
1129.69,103,80,1129,9
1130.115,110,80,1130,0
1130.23,90,80,1130,1
1130.373,102,80,1130,2
1130.575,70,80,1130,3
1130.604,114,80,1130,4
1130.804,63,80,1130,5
1131.144,19,80,1131,0
1131.287,95,80,1131,1
1131.373,85,80,1131,2
1131.402,72,80,1131,3
1131.546,67,80,1131,4
1131.575,31,80,1131,5
1132.115,73,80,1132,0
1132.23,100,80,1132,1
1132.373,59,80,1132,2
1132.632,73,80,1132,3
1132.661,88,80,1132,4
1132.69,79,80,1132,5
1132.833,49,80,1132,6
1133.058,107,80,1133,0
1133.201,78,80,1133,1
1133.23,95,80,1133,2
1133.259,46,80,1133,3
1133.287,90,80,1133,4
1133.345,113,80,1133,5
1133.517,59,80,1133,6
1133.546,100,80,1133,7
1133.632,68,80,1133,8
1133.719,70,80,1133,9
1133.747,89,80,1133,10
1133.833,97,80,1133,11
1134.029,97,80,1134,0
1134.058,51,80,1134,1
1134.201,54,80,1134,2
1134.345,108,80,1134,3
1134.632,48,80,1134,4
1135.287,85,80,1135,0
1135.373,70,80,1135,1
1135.402,121,80,1135,2
1135.488,97,80,1135,3
1135.719,109,80,1135,4
1135.776,87,80,1135,5
1136.029,67,80,1136,0
1136.201,124,80,1136,1
1136.402,68,80,1136,2
1136.575,92,80,1136,3
1136.632,72,80,1136,4
1136.661,84,80,1136,5
1136.69,85,80,1136,6
1136.719,85,80,1136,7
1136.833,115,80,1136,8
1137.0,70,80,1137,0
1137.115,74,80,1137,1
1137.144,63,80,1137,2
1137.373,61,80,1137,3
1137.517,111,80,1137,4
1137.546,102,80,1137,5
1137.575,49,80,1137,6
1137.604,101,80,1137,7
1137.69,24,80,1137,8
1137.719,20,80,1137,9
1137.776,57,80,1137,10
1137.804,88,80,1137,11
1138.287,33,80,1138,0
1138.488,134,80,1138,1
1138.517,75,80,1138,2
1138.804,84,80,1138,3
1139.029,78,80,1139,0
1139.144,82,80,1139,1
1139.201,91,80,1139,2
1139.575,100,80,1139,3
1139.747,149,80,1139,4
1140.058,104,80,1140,0
1140.115,136,80,1140,1
1140.144,55,80,1140,2
1140.23,130,80,1140,3
1140.316,195,80,1140,4
1140.402,49,80,1140,5
1140.431,89,80,1140,6
1141.029,37,80,1141,0
1141.173,83,80,1141,1
1141.287,88,80,1141,2
1141.345,95,80,1141,3
1141.431,89,80,1141,4
1141.46,45,80,1141,5
1141.546,49,80,1141,6
1141.575,108,80,1141,7
1141.604,81,80,1141,8
1141.632,109,80,1141,9
1141.719,134,80,1141,10
1141.833,113,80,1141,11
1142.086,72,80,1142,0
1142.316,76,80,1142,1
1142.345,121,80,1142,2
1142.402,81,80,1142,3
1142.776,107,80,1142,4
1143.259,44,80,1143,0
1143.287,64,80,1143,1
1143.373,29,80,1143,2
1143.604,72,80,1143,3
1143.719,77,80,1143,4
1143.747,93,80,1143,5
1143.776,59,80,1143,6
1144.0,45,80,1144,0
1144.173,92,80,1144,1
1144.201,95,80,1144,2
1144.345,115,80,1144,3
1144.575,99,80,1144,4
1144.632,118,80,1144,5
1144.661,46,80,1144,6
1144.69,90,80,1144,7
1144.804,35,80,1144,8
1145.201,70,80,1145,0
1145.259,44,80,1145,1
1145.604,91,80,1145,2
1145.776,114,80,1145,3
1145.804,55,80,1145,4
1146.0,83,80,1146,0
1146.029,158,80,1146,1
1146.575,54,80,1146,2
1146.804,44,80,1146,3
1146.833,82,80,1146,4
1147.402,54,80,1147,0
1147.431,91,80,1147,1
1147.517,69,80,1147,2
1147.546,89,80,1147,3
1147.661,18,80,1147,4
1147.69,42,80,1147,5
1147.833,98,80,1147,6
1148.058,50,80,1148,0
1148.086,93,80,1148,1
1148.259,68,80,1148,2
1148.46,106,80,1148,3
1148.517,41,80,1148,4
1148.604,90,80,1148,5
1148.661,90,80,1148,6
1149.029,68,80,1149,0
1149.316,64,80,1149,1
1149.373,75,80,1149,2
1149.402,71,80,1149,3
1149.517,129,80,1149,4
1149.575,91,80,1149,5
1149.604,102,80,1149,6
1149.747,94,80,1149,7
1150.115,106,80,1150,0
1150.373,1,80,1150,1
1150.804,60,80,1150,2
1150.833,74,80,1150,3
1151.0,108,80,1151,0
1151.115,117,80,1151,1
1151.833,94,80,1151,2
1152.029,34,80,1152,0
1152.058,101,80,1152,1
1152.144,89,80,1152,2
1152.173,68,80,1152,3
1152.402,73,80,1152,4
1152.488,41,80,1152,5
1152.661,130,80,1152,6
1152.69,100,80,1152,7
1152.719,80,80,1152,8
1152.747,72,80,1152,9
1152.776,82,80,1152,10
1153.316,61,80,1153,0
1153.373,109,80,1153,1
1153.517,44,80,1153,2
1153.546,71,80,1153,3
1153.69,82,80,1153,4
1153.719,40,80,1153,5
1153.833,90,80,1153,6
1154.115,72,80,1154,0
1154.287,98,80,1154,1
1154.345,103,80,1154,2
1154.402,7,80,1154,3
1154.575,36,80,1154,4
1154.632,71,80,1154,5
1154.804,46,80,1154,6
1155.086,82,80,1155,0
1155.23,104,80,1155,1
1155.316,117,80,1155,2
1155.46,33,80,1155,3
1155.546,72,80,1155,4
1155.632,81,80,1155,5
1155.747,60,80,1155,6
1155.833,55,80,1155,7
1156.1,38,80,1156,0
1156.133,69,80,1156,1
1156.167,63,80,1156,2
1156.3,146,80,1156,3
1156.4,44,80,1156,4
1156.433,34,80,1156,5
1157.067,66,80,1157,0
1157.3,94,80,1157,1
1157.333,71,80,1157,2
1157.367,37,80,1157,3
1157.5,144,80,1157,4
1157.6,64,80,1157,5
1157.733,90,80,1157,6
1157.8,54,80,1157,7
1158.1,110,80,1158,0
1158.233,58,80,1158,1
1158.333,73,80,1158,2
1158.367,121,80,1158,3
1158.667,67,80,1158,4
1159.5,103,80,1159,0
1159.567,90,80,1159,1
1160.237,101,80,1160,0
1160.276,154,80,1160,1
1160.316,76,80,1160,2
1160.355,115,80,1160,3
1160.395,22,80,1160,4
1160.434,147,80,1160,5
1160.474,89,80,1160,6
1160.513,133,80,1160,7
1160.711,78,80,1160,8
1161.0,24,80,1161,0
1161.079,75,80,1161,1
1161.158,45,80,1161,2
1161.316,97,80,1161,3
1161.355,43,80,1161,4
1161.513,84,80,1161,5
1161.553,95,80,1161,6
1161.592,68,80,1161,7
1161.671,100,80,1161,8
1162.197,50,80,1162,0
1162.237,72,80,1162,1
1162.316,79,80,1162,2
1162.513,72,80,1162,3
1163.095,49,80,1163,0
1163.19,84,80,1163,1
1163.238,57,80,1163,2
1163.285,139,80,1163,3
1163.428,70,80,1163,4
1163.476,31,80,1163,5
1163.572,92,80,1163,6
1163.667,63,80,1163,7
1164.143,95,80,1164,0
1165.0,81,80,1165,0
1165.048,83,80,1165,1
1165.143,150,80,1165,2
1165.19,65,80,1165,3
1166.0,139,80,1166,0
1167.056,62,80,1167,0
1167.111,107,80,1167,1
1167.444,52,80,1167,2
1167.5,42,80,1167,3
1168.056,131,80,1168,0
1168.333,111,80,1168,1
1169.0,71,80,1169,0
1170.0,66,80,1170,0
1170.6,94,80,1170,1
1171.0,73,80,1171,0
1171.6,111,80,1171,1
1173.4,81,80,1173,0
1173.6,89,80,1173,1
1173.8,34,80,1173,2
1186.2,53,80,1186,0
1186.4,34,80,1186,1
1187.4,55,80,1187,0
1188.4,69,80,1188,0
1189.0,84,80,1189,0
1189.8,84,80,1189,1
1190.2,110,80,1190,0
1190.4,114,80,1190,1
1193.0,131,80,1193,0
1193.056,90,80,1193,1
1193.111,3,80,1193,2
1193.444,108,80,1193,3
1194.0,88,80,1194,0
1194.111,55,80,1194,1
1194.222,68,80,1194,2
1194.278,27,80,1194,3
1194.444,96,80,1194,4
1195.222,90,80,1195,0
1196.167,75,80,1196,0
1196.5,85,80,1196,1
1197.056,73,80,1197,0
1198.111,23,80,1198,0
1198.333,61,80,1198,1
1199.095,136,80,1199,0
1199.476,47,80,1199,1
1199.619,112,80,1199,2
