idx,t_rel_s,latency_s,status,ttft_s
0,0.6010,0.1380,ok,0.0159
1,45.0296,0.1413,ok,0.0192
2,45.4005,0.1363,ok,0.0158
3,46.0016,0.1378,ok,0.0153
4,46.4010,0.1351,ok,0.0146
5,46.8008,0.1352,ok,0.0142
6,47.1125,0.1330,ok,0.0118
7,48.3839,0.1355,ok,0.0141
8,48.5247,0.1509,ok,0.0098
9,48.5729,0.1468,ok,0.0118
10,49.0013,0.1691,ok,0.0148
11,49.0395,0.1647,ok,0.0116
12,49.0796,0.1552,ok,0.0176
13,49.2380,0.1523,ok,0.0152
14,49.3162,0.1428,ok,0.0117
15,49.5132,0.1587,ok,0.0112
16,49.5540,0.1590,ok,0.0115
17,49.6326,0.1434,ok,0.0104
18,50.0334,0.1468,ok,0.0132
19,50.1335,0.1396,ok,0.0113
20,50.3003,0.1334,ok,0.0121
21,50.4679,0.1335,ok,0.0122
22,50.7338,0.1359,ok,0.0131
23,51.1162,0.1529,ok,0.0133
24,51.1735,0.1466,ok,0.0119
25,51.4315,0.1373,ok,0.0146
26,51.6322,0.1552,ok,0.0120
27,51.6611,0.1501,ok,0.0122
28,52.1740,0.1369,ok,0.0134
29,52.3453,0.1513,ok,0.0129
30,52.4022,0.1464,ok,0.0114
31,52.5465,0.1606,ok,0.0102
32,52.5755,0.1653,ok,0.0111
33,52.6614,0.1648,ok,0.0097
34,52.7196,0.1582,ok,0.0103
35,52.7763,0.1474,ok,0.0119
36,53.0260,0.1495,ok,0.0129
37,53.1015,0.1524,ok,0.0100
38,53.2021,0.1685,ok,0.0109
39,53.2787,0.1677,ok,0.0126
40,53.3034,0.1673,ok,0.0122
41,53.3283,0.1601,ok,0.0116
42,53.4547,0.1469,ok,0.0106
43,53.5547,0.1583,ok,0.0100
44,53.6307,0.1666,ok,0.0102
45,53.6550,0.1598,ok,0.0095
46,53.7812,0.1390,ok,0.0148
47,54.0004,0.1573,ok,0.0122
48,54.0677,0.1716,ok,0.0106
49,54.1351,0.1672,ok,0.0118
50,54.1578,0.1623,ok,0.0135
51,54.2246,0.1555,ok,0.0127
52,54.3595,0.1666,ok,0.0117
53,54.3813,0.1591,ok,0.0111
54,54.4494,0.1462,ok,0.0118
55,55.0413,0.1724,ok,0.0138
56,55.0616,0.1666,ok,0.0119
57,55.0816,0.1591,ok,0.0107
58,55.1212,0.1496,ok,0.0114
59,55.4062,0.1575,ok,0.0137
60,55.4645,0.1649,ok,0.0116
61,55.5462,0.1581,ok,0.0104
62,55.5666,0.1577,ok,0.0106
63,55.7071,0.1563,ok,0.0101
64,55.7287,0.1490,ok,0.0099
65,56.1301,0.1687,ok,0.0123
66,56.1652,0.1658,ok,0.0112
67,56.2024,0.1677,ok,0.0104
68,56.2397,0.1739,ok,0.0119
69,56.3312,0.1741,ok,0.0122
70,56.3680,0.1661,ok,0.0106
71,56.3868,0.1597,ok,0.0107
72,56.4227,0.1591,ok,0.0122
73,56.5515,0.1564,ok,0.0108
74,56.6432,0.1596,ok,0.0115
75,56.6611,0.1510,ok,0.0107
76,56.8087,0.1581,ok,0.0123
77,56.8272,0.1508,ok,0.0116
78,57.1694,0.1723,ok,0.0116
79,57.1852,0.1746,ok,0.0111
80,57.2364,0.1685,ok,0.0108
81,57.2705,0.1629,ok,0.0169
82,57.3374,0.1663,ok,0.0133
83,57.4384,0.1648,ok,0.0114
84,57.4882,0.1578,ok,0.0102
85,57.5554,0.1527,ok,0.0118
86,57.6902,0.1834,ok,0.0109
87,57.7408,0.1910,ok,0.0113
88,57.7745,0.1853,ok,0.0137
89,57.8089,0.1781,ok,0.0129
90,57.8255,0.1706,ok,0.0128
91,57.8583,0.1626,ok,0.0114
92,57.8922,0.1524,ok,0.0114
93,58.0849,0.1681,ok,0.0108
94,58.1020,0.1656,ok,0.0111
95,58.1184,0.1581,ok,0.0096
96,58.1351,0.1525,ok,0.0115
97,58.3889,0.1798,ok,0.0125
98,58.4049,0.1795,ok,0.0102
99,58.4382,0.1862,ok,0.0099
100,58.4725,0.1816,ok,0.0107
101,58.5059,0.1825,ok,0.0105
102,58.5725,0.1813,ok,0.0100
103,58.5892,0.1763,ok,0.0107
104,58.6065,0.1697,ok,0.0104
105,58.6561,0.1624,ok,0.0119
106,58.7077,0.1572,ok,0.0106
107,58.8424,0.1548,ok,0.0117
108,58.8925,0.1452,ok,0.0103
109,59.1109,0.1347,ok,0.0119
110,59.2498,0.1760,ok,0.0100
111,59.2649,0.1735,ok,0.0116
112,59.2954,0.1664,ok,0.0107
113,59.3576,0.1595,ok,0.0111
114,59.3896,0.1497,ok,0.0101
115,59.5905,0.1431,ok,0.0121
116,59.7150,0.1869,ok,0.0116
117,59.7613,0.1970,ok,0.0106
118,59.7770,0.1924,ok,0.0113
119,59.8236,0.1942,ok,0.0105
120,59.8550,0.1891,ok,0.0103
121,59.8702,0.1831,ok,0.0105
122,59.8863,0.1779,ok,0.0116
123,59.9018,0.1722,ok,0.0115
124,59.9171,0.1727,ok,0.0112
125,60.0006,0.1701,ok,0.0132
126,60.0726,0.1907,ok,0.0107
127,60.0879,0.1847,ok,0.0104
128,60.1884,0.1997,ok,0.0162
129,60.2024,0.1894,ok,0.0113
130,60.2174,0.1838,ok,0.0116
131,60.2457,0.1771,ok,0.0119
132,60.2745,0.1700,ok,0.0112
133,60.3324,0.1738,ok,0.0100
134,60.3611,0.1749,ok,0.0119
135,60.4481,0.1674,ok,0.0115
136,60.4905,0.1606,ok,0.0121
137,60.5199,0.1571,ok,0.0106
138,60.6634,0.1699,ok,0.0119
139,60.6925,0.1661,ok,0.0116
140,60.7069,0.1588,ok,0.0104
141,60.7508,0.1580,ok,0.0104
142,60.8659,0.1570,ok,0.0127
143,60.9230,0.1556,ok,0.0124
144,61.0545,0.1611,ok,0.0117
145,61.1213,0.1663,ok,0.0115
146,61.1755,0.1602,ok,0.0130
147,61.2700,0.1882,ok,0.0104
148,61.3369,0.1865,ok,0.0115
149,61.3502,0.1789,ok,0.0098
150,61.4044,0.1733,ok,0.0103
151,61.4183,0.1684,ok,0.0113
152,61.4315,0.1606,ok,0.0095
153,61.4441,0.1544,ok,0.0103
154,61.6468,0.1776,ok,0.0123
155,61.6593,0.1724,ok,0.0119
156,61.6864,0.1713,ok,0.0105
157,61.7811,0.1704,ok,0.0103
158,61.8087,0.1644,ok,0.0103
159,61.8347,0.1604,ok,0.0123
160,61.8755,0.1491,ok,0.0111
161,62.0518,0.1922,ok,0.0126
162,62.0761,0.1885,ok,0.0115
163,62.1267,0.1827,ok,0.0100
164,62.1385,0.1782,ok,0.0124
165,62.1645,0.1767,ok,0.0108
166,62.2146,0.1767,ok,0.0120
167,62.2277,0.1690,ok,0.0106
168,62.3286,0.1733,ok,0.0109
169,62.3531,0.1666,ok,0.0111
170,62.4299,0.1594,ok,0.0109
171,62.4673,0.1486,ok,0.0110
172,62.6320,0.1803,ok,0.0122
173,62.6817,0.1956,ok,0.0119
174,62.6948,0.1880,ok,0.0103
175,62.7063,0.2116,ok,0.0103
176,62.7195,0.2070,ok,0.0103
177,62.7952,0.2022,ok,0.0114
178,62.8452,0.2002,ok,0.0107
179,62.8590,0.1994,ok,0.0108
180,62.8969,0.1791,ok,0.0138
181,62.9084,0.1693,ok,0.0106
182,63.0246,0.1807,ok,0.0115
183,63.0474,0.1871,ok,0.0122
184,63.1200,0.1835,ok,0.0131
185,63.1432,0.1815,ok,0.0107
186,63.1910,0.1871,ok,0.0105
187,63.2027,0.1823,ok,0.0111
188,63.2149,0.1756,ok,0.0102
189,63.3083,0.1913,ok,0.0107
190,63.3445,0.1981,ok,0.0116
191,63.3686,0.1909,ok,0.0109
192,63.3924,0.1856,ok,0.0247
193,63.4041,0.1739,ok,0.0144
194,63.4981,0.1668,ok,0.0107
195,63.5107,0.1677,ok,0.0113
196,63.5937,0.1791,ok,0.0119
197,63.6651,0.2002,ok,0.0116
198,63.6900,0.1989,ok,0.0101
199,63.7246,0.2085,ok,0.0101
200,63.7366,0.2022,ok,0.0099
201,63.7836,0.1981,ok,0.0134
202,63.8075,0.1892,ok,0.0102
203,63.8301,0.1834,ok,0.0103
204,63.8424,0.1784,ok,0.0114
205,63.8783,0.1713,ok,0.0120
206,63.8902,0.1688,ok,0.0099
207,63.9021,0.1727,ok,0.0122
208,64.0471,0.2209,ok,0.0101
209,64.0591,0.2146,ok,0.0099
210,64.0721,0.2093,ok,0.0137
211,64.0831,0.2019,ok,0.0119
212,64.1196,0.1955,ok,0.0103
213,64.1440,0.1955,ok,0.0102
214,64.1666,0.1897,ok,0.0104
215,64.1902,0.1881,ok,0.0095
216,64.2029,0.1899,ok,0.0104
217,64.2145,0.1840,ok,0.0107
218,64.2263,0.1775,ok,0.0107
219,64.3207,0.1722,ok,0.0092
220,64.3686,0.1788,ok,0.0111
221,64.3808,0.1719,ok,0.0101
222,64.4050,0.1660,ok,0.0104
223,64.4984,0.1859,ok,0.0094
224,64.5106,0.1813,ok,0.0105
225,64.6055,0.1974,ok,0.0138
226,64.6174,0.1893,ok,0.0112
227,64.6298,0.1826,ok,0.0111
228,64.6651,0.1761,ok,0.0117
229,64.6898,0.1677,ok,0.0099
230,64.7016,0.1630,ok,0.0114
231,64.7244,0.1530,ok,0.0092
232,64.8786,0.1525,ok,0.0104
233,64.9142,0.1468,ok,0.0100
234,65.0904,0.1812,ok,0.0157
235,65.1125,0.1736,ok,0.0116
236,65.1572,0.1744,ok,0.0105
237,65.2465,0.1900,ok,0.0133
238,65.2579,0.1825,ok,0.0118
239,65.3024,0.1898,ok,0.0131
240,65.3364,0.1819,ok,0.0104
241,65.3595,0.1813,ok,0.0094
242,65.3707,0.1772,ok,0.0115
243,65.4378,0.1813,ok,0.0109
244,65.4610,0.1744,ok,0.0105
245,65.5267,0.1665,ok,0.0102
246,65.5602,0.1614,ok,0.0128
247,65.6055,0.1580,ok,0.0117
248,65.7281,0.1542,ok,0.0106
249,65.7852,0.1545,ok,0.0099
250,65.8963,0.1589,ok,0.0114
251,66.0113,0.1884,ok,0.0115
252,66.0226,0.1882,ok,0.0113
253,66.0458,0.1882,ok,0.0106
254,66.0672,0.1849,ok,0.0113
255,66.0797,0.1778,ok,0.0105
256,66.1688,0.1862,ok,0.0121
257,66.2016,0.1839,ok,0.0105
258,66.2244,0.1837,ok,0.0108
259,66.2695,0.1766,ok,0.0105
260,66.2801,0.1731,ok,0.0150
261,66.3706,0.1612,ok,0.0129
262,66.3921,0.1585,ok,0.0104
263,66.5378,0.1995,ok,0.0105
264,66.5495,0.1935,ok,0.0101
265,66.5826,0.1959,ok,0.0116
266,66.5941,0.1881,ok,0.0095
267,66.6055,0.1825,ok,0.0099
268,66.6725,0.1929,ok,0.0108
269,66.6845,0.1865,ok,0.0104
270,66.7174,0.1990,ok,0.0123
271,66.7515,0.1984,ok,0.0102
272,66.7853,0.1926,ok,0.0142
273,66.8079,0.1849,ok,0.0126
274,66.8747,0.1759,ok,0.0116
275,66.8967,0.1742,ok,0.0105
276,66.9072,0.1672,ok,0.0108
277,66.9191,0.1617,ok,0.0102
278,67.0570,0.1711,ok,0.0102
279,67.0791,0.1651,ok,0.0105
280,67.1245,0.1589,ok,0.0100
281,67.1798,0.1536,ok,0.0104
282,67.3145,0.1501,ok,0.0100
283,67.4155,0.1810,ok,0.0109
284,67.4497,0.1807,ok,0.0095
285,67.4823,0.1770,ok,0.0112
286,67.5495,0.1751,ok,0.0095
287,67.5602,0.1698,ok,0.0141
288,67.6164,0.1833,ok,0.0120
289,67.6845,0.2027,ok,0.0112
290,67.7407,0.2061,ok,0.0112
291,67.7626,0.1991,ok,0.0093
292,67.7731,0.1942,ok,0.0099
293,67.7860,0.1888,ok,0.0100
294,67.8073,0.1825,ok,0.0094
295,67.8186,0.1784,ok,0.0117
296,67.8528,0.1775,ok,0.0109
297,67.8639,0.1701,ok,0.0097
298,67.8852,0.1709,ok,0.0115
299,68.0126,0.1780,ok,0.0106
300,68.0351,0.1718,ok,0.0102
301,68.0838,0.1744,ok,0.0127
302,68.1313,0.1733,ok,0.0126
303,68.1559,0.1663,ok,0.0103
304,68.2268,0.1628,ok,0.0098
305,68.2962,0.1704,ok,0.0097
306,68.3803,0.1994,ok,0.0111
307,68.4164,0.2026,ok,0.0113
308,68.4288,0.2026,ok,0.0107
309,68.4631,0.2033,ok,0.0119
310,68.4751,0.1949,ok,0.0095
311,68.4877,0.1902,ok,0.0108
312,68.4984,0.1897,ok,0.0114
313,68.5222,0.1839,ok,0.0105
314,68.5938,0.1839,ok,0.0137
315,68.6170,0.1752,ok,0.0116
316,68.6297,0.1679,ok,0.0105
317,68.6777,0.1671,ok,0.0115
318,68.7487,0.1636,ok,0.0103
319,68.8183,0.1573,ok,0.0103
320,68.9029,0.1419,ok,0.0107
321,69.1201,0.1677,ok,0.0106
322,69.1905,0.1923,ok,0.0098
323,69.2031,0.1872,ok,0.0100
324,69.2142,0.1816,ok,0.0101
325,69.2261,0.1770,ok,0.0117
326,69.2962,0.1905,ok,0.0128
327,69.3568,0.2015,ok,0.0107
328,69.3686,0.1954,ok,0.0104
329,69.4043,0.1897,ok,0.0105
330,69.4167,0.1848,ok,0.0115
331,69.4405,0.1774,ok,0.0107
332,69.4880,0.1793,ok,0.0123
333,69.4985,0.1694,ok,0.0093
334,69.5109,0.1710,ok,0.0113
335,69.6415,0.1915,ok,0.0119
336,69.6654,0.1956,ok,0.0111
337,69.6890,0.1907,ok,0.0116
338,69.7018,0.1836,ok,0.0101
339,69.7245,0.1852,ok,0.0127
340,69.8073,0.1919,ok,0.0137
341,69.8303,0.1824,ok,0.0110
342,69.8425,0.1757,ok,0.0109
343,69.8902,0.1677,ok,0.0102
344,69.9260,0.1722,ok,0.0098
345,69.9388,0.1680,ok,0.0103
346,70.0769,0.1581,ok,0.0103
347,70.0885,0.1517,ok,0.0111
348,70.2402,0.1992,ok,0.0136
349,70.2786,0.2058,ok,0.0120
350,70.3031,0.2110,ok,0.0115
351,70.3667,0.2031,ok,0.0123
352,70.4042,0.2036,ok,0.0129
353,70.4170,0.2028,ok,0.0118
354,70.4300,0.2012,ok,0.0111
355,70.4422,0.1946,ok,0.0103
356,70.4929,0.1992,ok,0.0104
357,70.5045,0.1996,ok,0.0108
358,70.5426,0.2006,ok,0.0103
359,70.5803,0.2005,ok,0.0105
360,70.6058,0.2005,ok,0.0113
361,70.6182,0.1950,ok,0.0108
362,70.6695,0.1896,ok,0.0104
363,70.6818,0.1846,ok,0.0114
364,70.6944,0.1775,ok,0.0107
365,70.7064,0.1710,ok,0.0104
366,70.7574,0.1701,ok,0.0102
367,70.7958,0.1638,ok,0.0117
368,70.8963,0.1435,ok,0.0131
369,71.0771,0.1689,ok,0.0114
370,71.1013,0.1646,ok,0.0100
371,71.1891,0.1822,ok,0.0112
372,71.2274,0.1891,ok,0.0114
373,71.2784,0.1829,ok,0.0099
374,71.3038,0.1836,ok,0.0103
375,71.3152,0.1787,ok,0.0137
376,71.3911,0.1822,ok,0.0120
377,71.4044,0.1745,ok,0.0102
378,71.4679,0.1723,ok,0.0101
379,71.4921,0.1673,ok,0.0102
380,71.5042,0.1623,ok,0.0114
381,71.6314,0.1608,ok,0.0100
382,71.6820,0.1802,ok,0.0099
383,71.7694,0.1973,ok,0.0103
384,71.7952,0.1921,ok,0.0099
385,71.8080,0.1867,ok,0.0113
386,71.8205,0.1814,ok,0.0164
387,71.8711,0.1717,ok,0.0120
388,71.8832,0.1669,ok,0.0094
389,71.9337,0.1684,ok,0.0122
390,72.0410,0.1700,ok,0.0104
391,72.0542,0.1639,ok,0.0101
392,72.1217,0.1712,ok,0.0113
393,72.1485,0.1641,ok,0.0103
394,72.2424,0.1723,ok,0.0106
395,72.2692,0.1653,ok,0.0094
396,72.3236,0.1693,ok,0.0149
397,72.3502,0.1605,ok,0.0122
398,72.4320,0.1619,ok,0.0102
399,72.5260,0.1759,ok,0.0097
400,72.5385,0.1708,ok,0.0103
401,72.5921,0.1659,ok,0.0111
402,72.6051,0.1601,ok,0.0111
403,72.6733,0.1541,ok,0.0099
404,72.7947,0.1569,ok,0.0092
405,72.8754,0.1674,ok,0.0123
406,72.8888,0.1657,ok,0.0106
407,73.0275,0.1940,ok,0.0116
408,73.0404,0.1868,ok,0.0107
409,73.0681,0.1815,ok,0.0106
410,73.0805,0.1746,ok,0.0094
411,73.0946,0.1762,ok,0.0107
412,73.1082,0.1748,ok,0.0102
413,73.1484,0.1756,ok,0.0116
414,73.2562,0.1978,ok,0.0101
415,73.2692,0.1923,ok,0.0103
416,73.3102,0.1989,ok,0.0099
417,73.3364,0.2010,ok,0.0121
418,73.3630,0.2080,ok,0.0114
419,73.3775,0.2010,ok,0.0104
420,73.3909,0.2009,ok,0.0102
421,73.4043,0.1950,ok,0.0103
422,73.4588,0.1949,ok,0.0107
423,73.4858,0.1885,ok,0.0101
424,73.5111,0.1818,ok,0.0094
425,73.5387,0.1759,ok,0.0113
426,73.5511,0.1689,ok,0.0101
427,73.5786,0.1627,ok,0.0112
428,73.6340,0.1483,ok,0.0103
429,73.8216,0.1862,ok,0.0243
430,73.8348,0.1748,ok,0.0249
431,73.8482,0.1615,ok,0.0129
432,73.8756,0.1573,ok,0.0098
433,74.0130,0.1371,ok,0.0110
434,74.1487,0.1555,ok,0.0100
435,74.2030,0.1662,ok,0.0100
436,74.2157,0.1606,ok,0.0102
437,74.3233,0.1519,ok,0.0153
438,74.4581,0.1548,ok,0.0117
439,74.4984,0.1570,ok,0.0114
440,74.6195,0.1634,ok,0.0111
441,74.7007,0.1969,ok,0.0113
442,74.7273,0.2026,ok,0.0101
443,74.7673,0.1983,ok,0.0102
444,74.8084,0.1946,ok,0.0163
445,74.8221,0.1865,ok,0.0147
446,74.8491,0.1758,ok,0.0105
447,74.8758,0.1691,ok,0.0105
448,74.9026,0.1793,ok,0.0102
449,74.9159,0.1743,ok,0.0102
450,75.0430,0.1937,ok,0.0115
451,75.0581,0.1860,ok,0.0094
452,75.0723,0.1880,ok,0.0108
453,75.1011,0.1834,ok,0.0114
454,75.1154,0.1764,ok,0.0101
455,75.1443,0.1906,ok,0.0112
456,75.1594,0.1844,ok,0.0114
457,75.2454,0.1889,ok,0.0129
458,75.3039,0.1872,ok,0.0256
459,75.3474,0.1672,ok,0.0120
460,75.3902,0.1739,ok,0.0117
461,75.4481,0.1925,ok,0.0105
462,75.5193,0.2141,ok,0.0103
463,75.5489,0.2102,ok,0.0107
464,75.5626,0.2041,ok,0.0113
465,75.5768,0.1974,ok,0.0104
466,75.6051,0.1915,ok,0.0104
467,75.6206,0.1975,ok,0.0106
468,75.6492,0.1986,ok,0.0106
469,75.6785,0.1997,ok,0.0115
470,75.6921,0.1918,ok,0.0095
471,75.7216,0.1847,ok,0.0097
472,75.7931,0.1763,ok,0.0121
473,75.8084,0.1684,ok,0.0108
474,75.8223,0.1615,ok,0.0104
475,75.8515,0.1531,ok,0.0117
476,76.0299,0.1548,ok,0.0109
477,76.1012,0.1583,ok,0.0109
478,76.1309,0.1490,ok,0.0104
479,76.3192,0.1563,ok,0.0130
480,76.3910,0.1575,ok,0.0105
481,76.4194,0.1561,ok,0.0112
482,76.5624,0.1723,ok,0.0113
483,76.5767,0.1652,ok,0.0110
484,76.6054,0.1596,ok,0.0114
485,76.7066,0.1633,ok,0.0100
486,76.8229,0.1843,ok,0.0123
487,76.8364,0.1762,ok,0.0106
488,76.8517,0.1700,ok,0.0109
489,76.8655,0.1651,ok,0.0126
490,76.8944,0.1552,ok,0.0118
491,77.0778,0.1491,ok,0.0106
492,77.1405,0.1543,ok,0.0099
493,77.2643,0.1526,ok,0.0128
494,77.3424,0.1525,ok,0.0113
495,77.4512,0.1583,ok,0.0117
496,77.4978,0.1577,ok,0.0103
497,77.6070,0.1398,ok,0.0112
498,77.7782,0.1468,ok,0.0139
499,77.8864,0.1376,ok,0.0101
500,78.0623,0.1329,ok,0.0110
501,78.2184,0.1742,ok,0.0113
502,78.2649,0.1811,ok,0.0125
503,78.2951,0.1791,ok,0.0103
504,78.3262,0.1733,ok,0.0103
505,78.3431,0.1672,ok,0.0104
506,78.4207,0.1782,ok,0.0103
507,78.4515,0.1728,ok,0.0115
508,78.5132,0.1713,ok,0.0100
509,78.5593,0.1666,ok,0.0113
510,78.5753,0.1596,ok,0.0106
511,78.6380,0.1458,ok,0.0104
512,78.8881,0.1344,ok,0.0119
513,79.1529,0.1625,ok,0.0115
514,79.1854,0.1672,ok,0.0108
515,79.2534,0.1614,ok,0.0131
516,79.3208,0.1531,ok,0.0119
517,79.4555,0.1837,ok,0.0113
518,79.4883,0.1866,ok,0.0112
519,79.5226,0.1821,ok,0.0113
520,79.5556,0.1811,ok,0.0104
521,79.5895,0.1767,ok,0.0114
522,79.6234,0.1676,ok,0.0102
523,79.6394,0.1621,ok,0.0112
524,79.7077,0.1536,ok,0.0102
525,79.8426,0.1718,ok,0.0116
526,79.8588,0.1645,ok,0.0107
527,79.8759,0.1581,ok,0.0102
528,79.8926,0.1510,ok,0.0099
529,80.1018,0.1622,ok,0.0112
530,80.1861,0.1771,ok,0.0146
531,80.2025,0.1678,ok,0.0116
532,80.2196,0.1678,ok,0.0119
533,80.3376,0.1818,ok,0.0129
534,80.3716,0.1799,ok,0.0103
535,80.3886,0.1739,ok,0.0106
536,80.4046,0.1669,ok,0.0101
537,80.4725,0.1931,ok,0.0115
538,80.5224,0.1985,ok,0.0103
539,80.5727,0.1993,ok,0.0111
540,80.5891,0.1920,ok,0.0094
541,80.6068,0.1874,ok,0.0106
542,80.6398,0.1883,ok,0.0114
543,80.6564,0.1878,ok,0.0103
544,80.6735,0.1816,ok,0.0100
545,80.6903,0.1756,ok,0.0100
546,80.7576,0.1678,ok,0.0104
547,80.8084,0.1596,ok,0.0103
548,80.8255,0.1521,ok,0.0109
549,81.0189,0.1615,ok,0.0119
550,81.0551,0.1652,ok,0.0116
551,81.1292,0.1586,ok,0.0099
552,81.1842,0.1472,ok,0.0111
553,81.3507,0.1408,ok,0.0185
554,81.6621,0.1357,ok,0.0124
555,81.8462,0.1373,ok,0.0144
556,82.0009,0.1444,ok,0.0117
557,82.1103,0.1390,ok,0.0119
558,82.2766,0.1414,ok,0.0120
559,82.4045,0.1596,ok,0.0118
560,82.4591,0.1646,ok,0.0114
561,82.5517,0.1574,ok,0.0106
562,82.6061,0.1455,ok,0.0103
563,82.7539,0.1749,ok,0.0103
564,82.7714,0.1719,ok,0.0109
565,82.8458,0.1661,ok,0.0109
566,82.8631,0.1593,ok,0.0102
567,82.9005,0.1578,ok,0.0115
568,83.0400,0.1580,ok,0.0112
569,83.0612,0.1564,ok,0.0103
570,83.2025,0.1466,ok,0.0099
571,83.2841,0.1521,ok,0.0098
572,83.3833,0.1548,ok,0.0121
573,83.4642,0.1432,ok,0.0117
574,83.6277,0.1334,ok,0.0098
575,84.0616,0.1363,ok,0.0140
576,84.2022,0.1625,ok,0.0110
577,84.2220,0.1588,ok,0.0112
578,84.2430,0.1603,ok,0.0103
579,84.3837,0.1907,ok,0.0117
580,84.4246,0.1909,ok,0.0142
581,84.4443,0.1824,ok,0.0120
582,84.4645,0.1815,ok,0.0102
583,84.4856,0.1766,ok,0.0115
584,84.5058,0.1754,ok,0.0102
585,84.5255,0.1684,ok,0.0095
586,84.6279,0.1655,ok,0.0105
587,84.6677,0.1597,ok,0.0116
588,84.7288,0.1459,ok,0.0104
589,85.2244,0.1644,ok,0.0153
590,85.2629,0.1598,ok,0.0127
591,85.3240,0.1476,ok,0.0125
592,85.5059,0.1344,ok,0.0110
593,85.6676,0.1596,ok,0.0105
594,85.7073,0.1590,ok,0.0119
595,85.7888,0.1436,ok,0.0114
596,86.0227,0.1467,ok,0.0110
597,86.1124,0.1506,ok,0.0103
598,86.2242,0.1486,ok,0.0121
599,86.3379,0.1573,ok,0.0118
600,86.3819,0.1464,ok,0.0100
601,86.5385,0.1469,ok,0.0123
602,86.6289,0.1398,ok,0.0102
603,87.1584,0.1691,ok,0.0188
604,87.2025,0.1731,ok,0.0122
605,87.2246,0.1654,ok,0.0108
606,87.3375,0.1731,ok,0.0103
607,87.3597,0.1669,ok,0.0104
608,87.4046,0.1774,ok,0.0166
609,87.4717,0.1720,ok,0.0118
610,87.5385,0.1778,ok,0.0104
611,87.5616,0.1727,ok,0.0113
612,87.6066,0.1656,ok,0.0100
613,87.6511,0.1604,ok,0.0113
614,87.6961,0.1484,ok,0.0108
615,87.8548,0.1341,ok,0.0123
616,88.1022,0.1446,ok,0.0110
617,88.2029,0.1523,ok,0.0101
618,88.2784,0.1430,ok,0.0111
619,88.4296,0.1562,ok,0.0105
620,88.4549,0.1482,ok,0.0097
621,88.8325,0.1360,ok,0.0129
622,89.1520,0.1477,ok,0.0144
623,89.2524,0.1400,ok,0.0118
624,89.4547,0.1509,ok,0.0111
625,89.5046,0.1591,ok,0.0116
626,89.6058,0.1429,ok,0.0133
627,89.7820,0.1530,ok,0.0107
628,89.8074,0.1479,ok,0.0110
629,90.2529,0.1360,ok,0.0137
630,90.5553,0.1323,ok,0.0110
631,91.0011,0.1464,ok,0.0129
632,91.1014,0.1399,ok,0.0123
633,91.4047,0.1396,ok,0.0113
634,91.5291,0.1435,ok,0.0118
635,91.6560,0.1447,ok,0.0130
636,91.7818,0.1540,ok,0.0117
637,91.8323,0.1442,ok,0.0094
638,92.0007,0.1532,ok,0.0104
639,92.0763,0.1650,ok,0.0109
640,92.1263,0.1659,ok,0.0114
641,92.1514,0.1584,ok,0.0105
642,92.2520,0.1691,ok,0.0097
643,92.3281,0.1688,ok,0.0112
644,92.3797,0.1635,ok,0.0149
645,92.4046,0.1530,ok,0.0127
646,92.5545,0.1350,ok,0.0111
647,92.7067,0.1367,ok,0.0103
648,93.0008,0.1652,ok,0.0142
649,93.0258,0.1660,ok,0.0118
650,93.0500,0.1596,ok,0.0116
651,93.1779,0.1356,ok,0.0104
652,93.4048,0.1350,ok,0.0138
653,93.5801,0.1351,ok,0.0119
654,93.8326,0.1380,ok,0.0153
655,94.0259,0.1670,ok,0.0111
656,94.0505,0.1640,ok,0.0110
657,94.1512,0.1649,ok,0.0104
658,94.1778,0.1590,ok,0.0115
659,94.2787,0.1538,ok,0.0115
660,94.3793,0.1661,ok,0.0122
661,94.4300,0.1583,ok,0.0107
662,94.4791,0.1553,ok,0.0103
663,94.6052,0.1451,ok,0.0114
664,94.7317,0.1366,ok,0.0116
665,95.0508,0.1449,ok,0.0123
666,95.1517,0.1479,ok,0.0116
667,95.2782,0.1490,ok,0.0124
668,95.3794,0.1524,ok,0.0122
669,95.4793,0.1473,ok,0.0116
670,95.6058,0.1452,ok,0.0118
671,95.7317,0.1570,ok,0.0105
672,95.8074,0.1595,ok,0.0119
673,95.8579,0.1485,ok,0.0127
674,96.0767,0.1407,ok,0.0110
675,96.2022,0.1539,ok,0.0118
676,96.2521,0.1464,ok,0.0117
677,96.6561,0.1364,ok,0.0142
678,96.8077,0.1590,ok,0.0178
679,96.8573,0.1472,ok,0.0117
680,97.0257,0.1438,ok,0.0106
681,97.1266,0.1470,ok,0.0110
682,97.2529,0.1370,ok,0.0118
683,97.4292,0.1328,ok,0.0117
684,97.7564,0.1541,ok,0.0107
685,97.7816,0.1495,ok,0.0119
686,98.1017,0.1509,ok,0.0123
687,98.1512,0.1535,ok,0.0105
688,98.2785,0.1541,ok,0.0170
689,98.3535,0.1436,ok,0.0114
690,98.6054,0.1647,ok,0.0114
691,98.6552,0.1656,ok,0.0107
692,98.6801,0.1671,ok,0.0120
693,98.7563,0.1587,ok,0.0102
694,98.8325,0.1437,ok,0.0111
695,99.0506,0.1396,ok,0.0110
696,99.1771,0.1552,ok,0.0114
697,99.2023,0.1474,ok,0.0099
698,99.3799,0.1416,ok,0.0116
699,99.5048,0.1359,ok,0.0114
700,99.7070,0.1342,ok,0.0107
701,100.0507,0.1548,ok,0.0120
702,100.1515,0.1754,ok,0.0111
703,100.1773,0.1795,ok,0.0175
704,100.2030,0.1722,ok,0.0113
705,100.2521,0.1725,ok,0.0116
706,100.3537,0.1729,ok,0.0124
707,100.3799,0.1714,ok,0.0105
708,100.4294,0.1652,ok,0.0103
709,100.4541,0.1670,ok,0.0112
710,100.5296,0.1658,ok,0.0109
711,100.6053,0.1665,ok,0.0121
712,100.6310,0.1585,ok,0.0102
713,100.7061,0.1587,ok,0.0116
714,100.8075,0.1448,ok,0.0165
715,101.0006,0.1486,ok,0.0136
716,101.0769,0.1523,ok,0.0118
717,101.2023,0.1640,ok,0.0098
718,101.2273,0.1586,ok,0.0104
719,101.3285,0.1505,ok,0.0125
720,101.4544,0.1493,ok,0.0104
721,101.5297,0.1432,ok,0.0116
722,101.6811,0.1331,ok,0.0111
723,101.8575,0.1354,ok,0.0126
724,102.1522,0.1702,ok,0.0129
725,102.1776,0.1662,ok,0.0118
726,102.2026,0.1587,ok,0.0102
727,102.3030,0.1626,ok,0.0122
728,102.3799,0.1589,ok,0.0118
729,102.4291,0.1460,ok,0.0096
730,102.5792,0.1352,ok,0.0116
731,102.8078,0.1402,ok,0.0177
732,103.0764,0.1761,ok,0.0127
733,103.1015,0.1727,ok,0.0116
734,103.1264,0.1660,ok,0.0107
735,103.1778,0.1590,ok,0.0106
736,103.2273,0.1473,ok,0.0103
737,103.4799,0.1628,ok,0.0121
738,103.5045,0.1596,ok,0.0118
739,103.6053,0.1421,ok,0.0122
740,103.8078,0.1373,ok,0.0147
741,104.0005,0.1615,ok,0.0114
742,104.0253,0.1581,ok,0.0110
743,104.1263,0.1404,ok,0.0105
744,104.4301,0.1359,ok,0.0140
745,104.6554,0.1339,ok,0.0109
746,104.8085,0.1351,ok,0.0129
747,105.2292,0.1712,ok,0.0140
748,105.2791,0.1684,ok,0.0101
749,105.3037,0.1650,ok,0.0156
750,105.3282,0.1533,ok,0.0128
751,105.5547,0.1568,ok,0.0108
752,105.6051,0.1643,ok,0.0113
753,105.6552,0.1679,ok,0.0112
754,105.7560,0.1622,ok,0.0115
755,105.8080,0.1512,ok,0.0164
756,106.0767,0.1469,ok,0.0127
757,106.1771,0.1382,ok,0.0109
758,106.3536,0.1546,ok,0.0132
759,106.3791,0.1576,ok,0.0117
760,106.5047,0.1534,ok,0.0123
761,106.5793,0.1546,ok,0.0112
762,106.6803,0.1545,ok,0.0109
763,106.7561,0.1425,ok,0.0110
764,107.0509,0.1650,ok,0.0123
765,107.1019,0.1724,ok,0.0116
766,107.1270,0.1721,ok,0.0103
767,107.2024,0.1744,ok,0.0117
768,107.2277,0.1670,ok,0.0106
769,107.2781,0.1613,ok,0.0120
770,107.3281,0.1491,ok,0.0125
771,107.5045,0.1344,ok,0.0111
772,107.7563,0.1329,ok,0.0110
773,108.0766,0.1703,ok,0.0132
774,108.1012,0.1656,ok,0.0113
775,108.1516,0.1754,ok,0.0116
776,108.2275,0.1739,ok,0.0105
777,108.2789,0.1693,ok,0.0145
778,108.3032,0.1677,ok,0.0130
779,108.3533,0.1714,ok,0.0102
780,108.4548,0.1657,ok,0.0107
781,108.4798,0.1584,ok,0.0100
782,108.5042,0.1527,ok,0.0115
783,108.6552,0.1330,ok,0.0100
784,108.8324,0.1348,ok,0.0138
785,109.0256,0.1746,ok,0.0113
786,109.0501,0.1717,ok,0.0114
787,109.1267,0.1788,ok,0.0102
788,109.1514,0.1720,ok,0.0091
789,109.1778,0.1741,ok,0.0112
790,109.2273,0.1679,ok,0.0113
791,109.2781,0.1689,ok,0.0125
792,109.3281,0.1616,ok,0.0128
793,109.4041,0.1570,ok,0.0122
794,109.5050,0.1625,ok,0.0116
795,109.5796,0.1591,ok,0.0121
796,109.6302,0.1464,ok,0.0103
797,109.7818,0.1540,ok,0.0167
798,109.8576,0.1446,ok,0.0123
799,110.0003,0.1589,ok,0.0108
800,110.0503,0.1686,ok,0.0114
801,110.1019,0.1684,ok,0.0105
802,110.1772,0.1798,ok,0.0186
803,110.2527,0.1736,ok,0.0121
804,110.3034,0.1663,ok,0.0103
805,110.3284,0.1627,ok,0.0140
806,110.3534,0.1537,ok,0.0116
807,110.5050,0.1479,ok,0.0110
808,110.5792,0.1430,ok,0.0114
809,110.7564,0.1342,ok,0.0111
810,111.1522,0.1456,ok,0.0136
811,111.2789,0.1538,ok,0.0136
812,111.3531,0.1594,ok,0.0118
813,111.4291,0.1448,ok,0.0122
814,111.8075,0.1369,ok,0.0148
815,112.1269,0.1554,ok,0.0105
816,112.1780,0.1641,ok,0.0108
817,112.2791,0.1610,ok,0.0139
818,112.3034,0.1510,ok,0.0117
819,112.4798,0.1482,ok,0.0112
820,112.5543,0.1645,ok,0.0114
821,112.6308,0.1690,ok,0.0118
822,112.6551,0.1600,ok,0.0097
823,112.7815,0.1571,ok,0.0148
824,112.8323,0.1451,ok,0.0119
825,113.1267,0.1337,ok,0.0115
826,113.6060,0.1728,ok,0.0152
827,113.6306,0.1642,ok,0.0101
828,113.6809,0.1585,ok,0.0105
829,113.7311,0.1477,ok,0.0113
830,114.0773,0.1428,ok,0.0121
831,114.2029,0.1769,ok,0.0119
832,114.2527,0.1814,ok,0.0100
833,114.2783,0.1792,ok,0.0175
834,114.3035,0.1667,ok,0.0106
835,114.3531,0.1598,ok,0.0099
836,114.3800,0.1520,ok,0.0111
837,114.5542,0.1531,ok,0.0102
838,114.5794,0.1485,ok,0.0112
839,115.1275,0.1344,ok,0.0133
840,115.3795,0.1545,ok,0.0139
841,115.4295,0.1472,ok,0.0120
842,115.6820,0.1323,ok,0.0102
843,116.0768,0.1531,ok,0.0139
844,116.1778,0.1771,ok,0.0102
845,116.2021,0.1724,ok,0.0116
846,116.2273,0.1650,ok,0.0113
847,116.2788,0.1529,ok,0.0107
848,116.5801,0.1551,ok,0.0119
849,116.6060,0.1498,ok,0.0117
850,116.7830,0.1355,ok,0.0106
851,117.0769,0.1672,ok,0.0116
852,117.1013,0.1704,ok,0.0116
853,117.2029,0.1702,ok,0.0104
854,117.2277,0.1652,ok,0.0109
855,117.2524,0.1583,ok,0.0103
856,117.2782,0.1499,ok,0.0100
857,117.4293,0.1346,ok,0.0111
858,117.6052,0.1667,ok,0.0103
859,117.6302,0.1651,ok,0.0112
860,117.6553,0.1602,ok,0.0114
861,117.7064,0.1459,ok,0.0096
862,118.1017,0.1559,ok,0.0129
863,118.1261,0.1490,ok,0.0107
864,118.5046,0.1575,ok,0.0137
865,118.5292,0.1488,ok,0.0102
866,118.7562,0.1530,ok,0.0116
867,118.8074,0.1489,ok,0.0145
868,119.0508,0.1642,ok,0.0114
869,119.1013,0.1661,ok,0.0114
870,119.1512,0.1653,ok,0.0104
871,119.1772,0.1651,ok,0.0108
872,119.2781,0.1627,ok,0.0096
873,119.3283,0.1571,ok,0.0104
874,119.3791,0.1547,ok,0.0095
875,119.5044,0.1821,ok,0.0107
876,119.5543,0.1738,ok,0.0127
877,119.6054,0.1716,ok,0.0105
878,119.6303,0.1666,ok,0.0114
879,119.6554,0.1649,ok,0.0107
880,119.7317,0.1581,ok,0.0111
881,119.8075,0.1439,ok,0.0110
882,120.0007,0.1339,ok,0.0110
883,120.2280,0.1563,ok,0.0138
884,120.2529,0.1473,ok,0.0103
885,120.4294,0.1422,ok,0.0120
886,120.5542,0.1368,ok,0.0121
887,120.7814,0.1319,ok,0.0103
888,121.1268,0.1777,ok,0.0142
889,121.1518,0.1727,ok,0.0121
890,121.2272,0.1721,ok,0.0108
891,121.2524,0.1667,ok,0.0119
892,121.2787,0.1581,ok,0.0090
893,121.3533,0.1630,ok,0.0116
894,121.4544,0.1583,ok,0.0107
895,121.4793,0.1508,ok,0.0115
896,121.8575,0.1354,ok,0.0124
897,122.0764,0.1701,ok,0.0140
898,122.1517,0.1857,ok,0.0102
899,122.1772,0.1808,ok,0.0103
900,122.2029,0.1749,ok,0.0104
901,122.2277,0.1766,ok,0.0115
902,122.2522,0.1702,ok,0.0115
903,122.2787,0.1632,ok,0.0119
904,122.3797,0.1425,ok,0.0119
905,122.5545,0.1631,ok,0.0105
906,122.5796,0.1611,ok,0.0139
907,122.6807,0.1409,ok,0.0117
908,122.8328,0.1335,ok,0.0105
909,123.0005,0.1426,ok,0.0105
910,123.1015,0.1654,ok,0.0131
911,123.1511,0.1585,ok,0.0111
912,123.2024,0.1467,ok,0.0104
913,123.4294,0.1429,ok,0.0110
914,123.5293,0.1508,ok,0.0111
915,123.6304,0.1555,ok,0.0124
916,123.7064,0.1513,ok,0.0116
917,123.8321,0.1372,ok,0.0114
918,124.1518,0.1650,ok,0.0141
919,124.1772,0.1591,ok,0.0114
920,124.2022,0.1502,ok,0.0102
921,124.5549,0.1486,ok,0.0179
922,124.6800,0.1721,ok,0.0111
923,124.7065,0.1654,ok,0.0109
924,124.7317,0.1580,ok,0.0097
925,124.8075,0.1435,ok,0.0103
926,125.1779,0.1620,ok,0.0140
927,125.2275,0.1604,ok,0.0124
928,125.2524,0.1515,ok,0.0118
929,125.4050,0.1525,ok,0.0097
930,125.4292,0.1559,ok,0.0095
931,125.5548,0.1494,ok,0.0128
932,125.6551,0.1631,ok,0.0117
933,125.7071,0.1587,ok,0.0114
934,125.8075,0.1410,ok,0.0121
935,126.0507,0.1542,ok,0.0109
936,126.0761,0.1479,ok,0.0099
937,126.3795,0.1451,ok,0.0145
938,126.5044,0.1468,ok,0.0115
939,126.6052,0.1517,ok,0.0105
940,126.6803,0.1407,ok,0.0100
941,127.0504,0.1363,ok,0.0135
942,127.2029,0.1476,ok,0.0106
943,127.2783,0.1431,ok,0.0116
944,127.5297,0.1603,ok,0.0123
945,127.5801,0.1581,ok,0.0103
946,127.6056,0.1500,ok,0.0106
947,127.7568,0.1503,ok,0.0100
948,127.8081,0.1447,ok,0.0100
949,128.0260,0.1487,ok,0.0109
950,128.1016,0.1511,ok,0.0127
951,128.2275,0.1357,ok,0.0112
952,128.4294,0.1478,ok,0.0107
953,128.5042,0.1539,ok,0.0101
954,128.6051,0.1408,ok,0.0121
955,129.0504,0.1700,ok,0.0123
956,129.0768,0.1688,ok,0.0149
957,129.1514,0.1646,ok,0.0106
958,129.1776,0.1580,ok,0.0103
959,129.2787,0.1619,ok,0.0102
960,129.3531,0.1588,ok,0.0111
961,129.4044,0.1469,ok,0.0110
962,129.7067,0.1760,ok,0.0140
963,129.7313,0.1713,ok,0.0116
964,129.7813,0.1645,ok,0.0100
965,129.8322,0.1599,ok,0.0116
966,129.8575,0.1574,ok,0.0104
967,130.0002,0.1653,ok,0.0111
968,130.0764,0.1931,ok,0.0111
969,130.1017,0.1859,ok,0.0121
970,130.1513,0.1794,ok,0.0124
971,130.2023,0.1710,ok,0.0222
972,130.2527,0.1489,ok,0.0112
973,130.4047,0.1486,ok,0.0099
974,130.5043,0.1579,ok,0.0109
975,130.5295,0.1486,ok,0.0094
976,130.6803,0.1343,ok,0.0113
977,131.2533,0.1658,ok,0.0142
978,131.2784,0.1586,ok,0.0104
979,131.3038,0.1506,ok,0.0107
980,131.4797,0.1574,ok,0.0111
981,131.5297,0.1572,ok,0.0106
982,131.6055,0.1443,ok,0.0118
983,131.8332,0.1357,ok,0.0124
984,132.0011,0.1345,ok,0.0112
985,132.2279,0.1360,ok,0.0133
986,132.4042,0.1616,ok,0.0109
987,132.4293,0.1580,ok,0.0099
988,132.4544,0.1517,ok,0.0102
989,132.7064,0.1376,ok,0.0153
990,132.8582,0.1341,ok,0.0106
991,133.1016,0.1398,ok,0.0108
992,133.3037,0.1345,ok,0.0126
993,133.5295,0.1340,ok,0.0106
994,133.7829,0.1359,ok,0.0129
995,134.0252,0.1508,ok,0.0108
996,134.0771,0.1447,ok,0.0100
997,134.2530,0.1437,ok,0.0121
998,134.3535,0.1529,ok,0.0117
999,134.4295,0.1718,ok,0.0110
1000,134.5045,0.1652,ok,0.0101
1001,134.5299,0.1663,ok,0.0103
1002,134.5798,0.1674,ok,0.0124
1003,134.6804,0.1654,ok,0.0123
1004,134.7312,0.1573,ok,0.0105
1005,134.8326,0.1410,ok,0.0115
1006,135.0508,0.1321,ok,0.0104
1007,135.2021,0.1384,ok,0.0175
1008,135.3548,0.1494,ok,0.0125
1009,135.4299,0.1438,ok,0.0121
1010,136.0525,0.1616,ok,0.0137
1011,136.1515,0.1743,ok,0.0125
1012,136.1775,0.1663,ok,0.0112
1013,136.2527,0.1591,ok,0.0110
1014,136.3032,0.1479,ok,0.0118
1015,136.5044,0.1565,ok,0.0105
1016,136.5550,0.1574,ok,0.0097
1017,136.5791,0.1508,ok,0.0115
1018,136.8582,0.1338,ok,0.0118
1019,137.1275,0.1702,ok,0.0178
1020,137.1515,0.1596,ok,0.0119
1021,137.2274,0.1579,ok,0.0117
1022,137.3281,0.1551,ok,0.0109
1023,137.4044,0.1510,ok,0.0112
1024,137.5295,0.1346,ok,0.0099
1025,138.0256,0.1525,ok,0.0126
1026,138.1016,0.1547,ok,0.0177
1027,138.2270,0.1451,ok,0.0115
1028,138.3534,0.1535,ok,0.0118
1029,138.4540,0.1591,ok,0.0112
1030,138.4795,0.1508,ok,0.0113
1031,138.7566,0.1576,ok,0.0123
1032,138.8073,0.1585,ok,0.0115
1033,138.8574,0.1462,ok,0.0101
1034,139.0259,0.1589,ok,0.0110
1035,139.0767,0.1663,ok,0.0114
1036,139.1268,0.1605,ok,0.0128
1037,139.2026,0.1441,ok,0.0117
1038,139.3799,0.1449,ok,0.0114
1039,139.4796,0.1399,ok,0.0114
1040,139.7819,0.1357,ok,0.0139
1041,140.0260,0.1590,ok,0.0154
1042,140.0509,0.1484,ok,0.0102
1043,140.2275,0.1737,ok,0.0120
1044,140.2525,0.1702,ok,0.0143
1045,140.2784,0.1622,ok,0.0133
1046,140.3035,0.1526,ok,0.0105
1047,140.4543,0.1586,ok,0.0100
1048,140.5044,0.1600,ok,0.0100
1049,140.5297,0.1520,ok,0.0104
1050,140.7319,0.1601,ok,0.0125
1051,140.7812,0.1589,ok,0.0113
1052,140.8327,0.1468,ok,0.0107
1053,141.0007,0.1512,ok,0.0106
1054,141.1013,0.1697,ok,0.0152
1055,141.1265,0.1607,ok,0.0127
1056,141.1778,0.1472,ok,0.0102
1057,141.4044,0.1338,ok,0.0114
1058,141.5795,0.1566,ok,0.0133
1059,141.6058,0.1507,ok,0.0127
1060,141.7566,0.1349,ok,0.0115
1061,142.0869,0.1812,ok,0.0118
1062,142.1157,0.1776,ok,0.0104
1063,142.1450,0.1719,ok,0.0106
1064,142.1737,0.1664,ok,0.0156
1065,142.2307,0.1506,ok,0.0131
1066,142.4606,0.1602,ok,0.0101
1067,142.4882,0.1593,ok,0.0114
1068,142.5174,0.1507,ok,0.0115
1069,142.7194,0.1364,ok,0.0140
1070,143.0312,0.1467,ok,0.0111
1071,143.1152,0.1509,ok,0.0112
1072,143.2307,0.1382,ok,0.0122
1073,143.5464,0.1457,ok,0.0112
1074,143.6322,0.1620,ok,0.0098
1075,143.6903,0.1572,ok,0.0100
1076,143.7477,0.1455,ok,0.0103
1077,144.0006,0.1599,ok,0.0145
1078,144.0586,0.1665,ok,0.0117
1079,144.1159,0.1655,ok,0.0104
1080,144.1732,0.1665,ok,0.0123
1081,144.2305,0.1653,ok,0.0111
1082,144.2878,0.1677,ok,0.0103
1083,144.3736,0.1806,ok,0.0097
1084,144.4025,0.1769,ok,0.0154
1085,144.4601,0.1662,ok,0.0107
1086,144.4882,0.1595,ok,0.0103
1087,144.5177,0.1506,ok,0.0102
1088,144.7766,0.1601,ok,0.0103
1089,144.8044,0.1572,ok,0.0101
1090,144.8337,0.1502,ok,0.0109
1091,145.1453,0.1599,ok,0.0139
1092,145.1732,0.1619,ok,0.0168
1093,145.3166,0.1347,ok,0.0116
1094,145.5175,0.1553,ok,0.0126
1095,145.5460,0.1576,ok,0.0125
1096,145.6901,0.1562,ok,0.0118
1097,145.7194,0.1491,ok,0.0112
1098,146.0870,0.1392,ok,0.0185
1099,146.2304,0.1437,ok,0.0115
1100,146.3452,0.1374,ok,0.0112
1101,146.7211,0.1503,ok,0.0143
1102,146.8045,0.1424,ok,0.0118
1103,147.1154,0.1460,ok,0.0146
1104,147.2301,0.1380,ok,0.0118
1105,147.4885,0.1359,ok,0.0134
1106,147.6907,0.1579,ok,0.0115
1107,147.7472,0.1585,ok,0.0101
1108,147.8046,0.1479,ok,0.0134
1109,148.6335,0.1504,ok,0.0146
1110,148.7201,0.1561,ok,0.0124
1111,148.8046,0.1424,ok,0.0111
1112,149.0294,0.1576,ok,0.0145
1113,149.0584,0.1490,ok,0.0111
1114,149.2876,0.1342,ok,0.0110
1115,149.4610,0.1448,ok,0.0107
1116,149.5752,0.1450,ok,0.0205
1117,149.8045,0.1350,ok,0.0119
1118,150.1741,0.1571,ok,0.0155
1119,150.2598,0.1699,ok,0.0102
1120,150.2877,0.1655,ok,0.0111
1121,150.3456,0.1571,ok,0.0095
1122,150.4030,0.1557,ok,0.0104
1123,150.5180,0.1397,ok,0.0123
1124,150.6910,0.1500,ok,0.0114
1125,150.7475,0.1454,ok,0.0115
1126,151.0583,0.1448,ok,0.0126
1127,151.1734,0.1372,ok,0.0121
1128,151.3168,0.1520,ok,0.0109
1129,151.3738,0.1560,ok,0.0098
1130,151.4886,0.1402,ok,0.0126
1131,151.6911,0.1343,ok,0.0113
1132,152.2312,0.1448,ok,0.0136
1133,152.3455,0.1578,ok,0.0109
1134,152.3735,0.1486,ok,0.0104
1135,152.6614,0.1615,ok,0.0121
1136,152.6908,0.1587,ok,0.0114
1137,152.8048,0.1392,ok,0.0109
1138,153.1003,0.1358,ok,0.0128
1139,153.4337,0.1488,ok,0.0150
1140,153.5336,0.1403,ok,0.0117
1141,153.7012,0.1525,ok,0.0104
1142,153.7336,0.1468,ok,0.0101
1143,154.0006,0.1359,ok,0.0137
1144,154.4012,0.1362,ok,0.0143
1145,155.2355,0.1372,ok,0.0145
1146,155.6683,0.1368,ok,0.0136
1147,156.0336,0.1638,ok,0.0142
1148,156.0671,0.1588,ok,0.0112
1149,156.1334,0.1516,ok,0.0099
1150,156.2670,0.1545,ok,0.0109
1151,156.3002,0.1547,ok,0.0100
1152,156.4337,0.1579,ok,0.0123
1153,156.4671,0.1483,ok,0.0106
1154,156.6347,0.1327,ok,0.0110
1155,156.8007,0.1338,ok,0.0102
1156,157.0008,0.1335,ok,0.0125
1157,157.1586,0.1436,ok,0.0119
1158,157.2762,0.1379,ok,0.0119
1159,157.5536,0.1502,ok,0.0130
1160,157.6326,0.1410,ok,0.0107
1161,158.1593,0.1447,ok,0.0139
1162,158.2763,0.1455,ok,0.0101
1163,158.3956,0.1647,ok,0.0191
1164,158.4345,0.1494,ok,0.0119
1165,158.6322,0.1321,ok,0.0104
1166,159.0799,0.1568,ok,0.0144
1167,159.1584,0.1719,ok,0.0115
1168,159.1976,0.1652,ok,0.0102
1169,159.2380,0.1591,ok,0.0102
1170,159.3161,0.1439,ok,0.0105
1171,160.1440,0.1364,ok,0.0139
1172,160.3337,0.1339,ok,0.0121
1173,160.4778,0.1350,ok,0.0120
1174,161.5260,0.1487,ok,0.0144
1175,161.6191,0.1393,ok,0.0112
1176,162.1911,0.1366,ok,0.0141
1177,162.4773,0.1376,ok,0.0149
1178,163.4290,0.1668,ok,0.0193
1179,163.4762,0.1650,ok,0.0121
1180,163.5728,0.1572,ok,0.0105
1181,163.6192,0.1452,ok,0.0095
1182,164.3902,0.1367,ok,0.0141
1183,165.1118,0.1445,ok,0.0135
1184,165.2229,0.1389,ok,0.0121
1185,165.4452,0.1348,ok,0.0139
1186,166.0007,0.1372,ok,0.0143
1187,166.2782,0.1541,ok,0.0116
1188,166.3338,0.1454,ok,0.0115
1189,167.4474,0.1410,ok,0.0186
1190,168.2014,0.1370,ok,0.0140
1191,169.0017,0.1370,ok,0.0140
1192,169.2010,0.1337,ok,0.0104
1193,170.6007,0.1371,ok,0.0139
1194,179.8057,0.1382,ok,0.0154
1195,180.8012,0.1349,ok,0.0139
1196,182.0015,0.1371,ok,0.0136
1197,182.1678,0.1436,ok,0.0120
1198,182.2783,0.1370,ok,0.0119
1199,182.4445,0.1343,ok,0.0111
1200,183.1126,0.1365,ok,0.0136
1201,183.3896,0.1357,ok,0.0124
1202,185.1132,0.1541,ok,0.0140
1203,185.1671,0.1460,ok,0.0164
1204,186.0010,0.1464,ok,0.0138
1205,186.0956,0.1399,ok,0.0108
1206,186.4290,0.1359,ok,0.0129
1207,187.1909,0.1363,ok,0.0142
1208,188.0012,0.1388,ok,0.0153
1209,188.1432,0.1334,ok,0.0115
1210,188.3819,0.1345,ok,0.0112
1211,188.6209,0.1345,ok,0.0133
1212,189.0409,0.1532,ok,0.0121
1213,189.0794,0.1464,ok,0.0101
1214,189.2770,0.1623,ok,0.0130
1215,189.3168,0.1583,ok,0.0106
1216,189.3557,0.1494,ok,0.0116
1217,189.5933,0.1524,ok,0.0105
1218,189.6325,0.1463,ok,0.0099
1219,190.0403,0.1437,ok,0.0122
1220,190.1583,0.1703,ok,0.0115
1221,190.1979,0.1664,ok,0.0172
1222,190.2372,0.1523,ok,0.0135
1223,190.4347,0.1429,ok,0.0117
1224,190.5534,0.1460,ok,0.0118
1225,190.6714,0.1346,ok,0.0099
1226,191.0795,0.1349,ok,0.0131
1227,191.3167,0.1358,ok,0.0123
1228,191.5538,0.1486,ok,0.0110
1229,191.6322,0.1424,ok,0.0113
1230,192.0011,0.1607,ok,0.0128
1231,192.0396,0.1578,ok,0.0111
1232,192.1183,0.1434,ok,0.0113
1233,192.2769,0.1548,ok,0.0124
1234,192.3166,0.1468,ok,0.0102
1235,192.7119,0.1364,ok,0.0134
1236,193.0007,0.1499,ok,0.0111
1237,193.0672,0.1429,ok,0.0101
1238,193.3334,0.1577,ok,0.0121
1239,193.4009,0.1579,ok,0.0104
1240,193.4337,0.1488,ok,0.0104
1241,193.6340,0.1655,ok,0.0169
1242,193.6676,0.1587,ok,0.0118
1243,193.7675,0.1406,ok,0.0105
1244,194.0004,0.1579,ok,0.0106
1245,194.0331,0.1641,ok,0.0107
1246,194.1333,0.1687,ok,0.0142
1247,194.1673,0.1597,ok,0.0119
1248,194.2339,0.1570,ok,0.0105
1249,194.3335,0.1567,ok,0.0109
1250,194.4005,0.1493,ok,0.0097
1251,194.5333,0.1590,ok,0.0113
1252,194.6011,0.1606,ok,0.0137
1253,194.6676,0.1461,ok,0.0120
1254,195.0010,0.1531,ok,0.0116
1255,195.1006,0.1465,ok,0.0179
1256,195.2675,0.1649,ok,0.0119
1257,195.3000,0.1629,ok,0.0112
1258,195.3673,0.1653,ok,0.0113
1259,195.4009,0.1601,ok,0.0119
1260,195.5004,0.1415,ok,0.0124
1261,195.6671,0.1525,ok,0.0115
1262,195.7005,0.1457,ok,0.0102
1263,196.1347,0.1391,ok,0.0159
1264,196.3341,0.1333,ok,0.0119
1265,196.5006,0.1532,ok,0.0115
1266,196.5678,0.1620,ok,0.0172
1267,196.6677,0.1422,ok,0.0123
1268,197.0003,0.1335,ok,0.0113
1269,197.3012,0.1445,ok,0.0121
1270,197.4002,0.1461,ok,0.0117
1271,197.5334,0.1560,ok,0.0112
1272,197.5680,0.1493,ok,0.0126
1273,197.8007,0.1345,ok,0.0114
1274,198.0335,0.1352,ok,0.0143
1275,198.2339,0.1621,ok,0.0122
1276,198.2671,0.1656,ok,0.0115
1277,198.3010,0.1648,ok,0.0102
1278,198.4007,0.1715,ok,0.0102
1279,198.4339,0.1726,ok,0.0103
1280,198.5007,0.1670,ok,0.0109
1281,198.5332,0.1680,ok,0.0118
1282,198.5678,0.1617,ok,0.0138
1283,198.6678,0.1487,ok,0.0118
1284,198.8003,0.1357,ok,0.0109
1285,199.2336,0.1363,ok,0.0136
1286,199.3678,0.1328,ok,0.0103
1287,199.5007,0.1521,ok,0.0091
1288,199.6009,0.1587,ok,0.0119
1289,199.6334,0.1498,ok,0.0121
1290,199.8006,0.1339,ok,0.0103
