idx,t_rel_s,latency_s,status,ttft_s,avg_tbt_s,worst_tbt_s
0,0.0006473509129136801,0.6406825920566916,ok,0.0250650430098176,0.007792431304136975,0.012234433786943555
1,0.07206006092019379,0.6488078418187797,ok,0.030214780941605568,0.007830098188847681,0.012240203097462654
2,0.14295081701129675,0.6511404130142182,ok,0.02881338493898511,0.007877331330216949,0.013120064046233892
3,0.2150206968653947,0.6516331699676812,ok,0.02746700611896813,0.007900681340760446,0.013120688032358885
4,0.2865394640248269,0.6522137790452689,ok,0.02624795399606228,0.007923480482842726,0.013146773912012577
5,0.3576944258529693,0.6630450510419905,ok,0.0333926419261843,0.00797013134424445,0.013144660042598844
6,0.42946537397801876,0.6618928380776197,ok,0.03278728714212775,0.007963228493315887,0.013121641939505935
7,0.500517139909789,0.6615211039315909,ok,0.03264440200291574,0.007960333264892615,0.01314736483618617
8,0.5724080807995051,0.6617569539230317,ok,0.03194042178802192,0.00797209197572798,0.013132665073499084
9,0.6435438159387559,0.6612628689035773,ok,0.0331174498423934,0.007951051621591742,0.01311923610046506
10,0.7148383359890431,0.6512051979079843,ok,0.029666607966646552,0.00786743068454575,0.01221250998787582
11,0.7858291929587722,0.6523540709167719,ok,0.028843624982982874,0.0078923779751964,0.01215722318738699
12,0.8573553278110921,0.6529714018106461,ok,0.029483083868399262,0.00789210874634453,0.012212458997964859
13,0.9294347069226205,0.653265830129385,ok,0.029468937078490853,0.007896011026246073,0.012211848050355911
14,1.0003064358606935,0.6545419080648571,ok,0.02972431108355522,0.007908941606130404,0.01221232395619154
15,1.0724635568913072,0.6545232348144054,ok,0.028045624028891325,0.007929961860203479,0.012200043071061373
16,1.1430103029124439,0.6559651622083038,ok,0.028830658178776503,0.007938261252910465,0.012212436180561781
17,1.2144470040220767,0.6570158929098397,ok,0.02845792705193162,0.007956229061878558,0.011530584888532758
18,1.2867208668030798,0.6598931341432035,ok,0.027672673109918833,0.008002631823072516,0.011737655149772763
19,1.3580556199885905,0.6567131120245904,ok,0.028416703920811415,0.007953007785084693,0.011805570917204022
20,1.4290345078334212,0.6522202859632671,ok,0.029692223062738776,0.007879957315052234,0.011781339067965746
21,1.5001159738749266,0.6473364238627255,ok,0.03085891786031425,0.007803378329034659,0.011738099856302142
22,1.5722588410135359,0.6409967660438269,ok,0.03081017406657338,0.0077237766707622555,0.011805411893874407
23,1.64344568294473,0.635452195070684,ok,0.03175027295947075,0.007641682684232917,0.011782194022089243
24,1.7146604619920254,0.6295789999421686,ok,0.03278140886686742,0.007554252911948517,0.011779661988839507
25,1.7866788660176098,0.6226690330076963,ok,0.03275795513764024,0.007467100974408131,0.01180346799083054
26,1.8573813159018755,0.6168360929004848,ok,0.034762307070195675,0.00736788919054066,0.011780320899561048
27,1.9294845648109913,0.6009775730781257,ok,0.026771836914122105,0.007268307533091571,0.008997191907837987
28,6.0024919719435275,0.6402071679476649,ok,0.024757075123488903,0.00779030421347935,0.012115815887227654
29,6.071655328851193,0.6510443720035255,ok,0.03216325514949858,0.007833748162853756,0.011774922022596002
30,6.143668349832296,0.6514640811365098,ok,0.03014289098791778,0.007864671797621289,0.01178344595246017
31,6.2148276888765395,0.6526087489910424,ok,0.029133175034075975,0.00789193692322396,0.011780489003285766
32,6.28588832099922,0.6531411469914019,ok,0.02869236981496215,0.007904253431442606,0.011691627092659473
33,6.3579293678049,0.6530893601011485,ok,0.02741648000665009,0.00791969913930361,0.011682997923344374
34,6.428957607829943,0.6544520291499794,ok,0.026935864938423038,0.007943084911455083,0.011673089116811752
35,6.500643884995952,0.6549777640029788,ok,0.026589684188365936,0.007954145934951456,0.01168493996374309
36,6.572234435006976,0.6556202471256256,ok,0.02642683405429125,0.007964343634210055,0.011668692110106349
37,6.64292313484475,0.6603596438653767,ok,0.02776489988900721,0.008007394088007793,0.011763423914089799
38,6.7144886900205165,0.6602479708380997,ok,0.028840948827564716,0.007992331380661152,0.011933682020753622
39,6.785875039873645,0.6600713739171624,ok,0.02958200010471046,0.007980727555253838,0.011963670141994953
40,6.858014437835664,0.6595789240673184,ok,0.02949206903576851,0.007975628242910475,0.01193570694886148
41,6.928891524905339,0.6565820060204715,ok,0.030536714009940624,0.00792446640567689,0.01194993406534195
42,7.000900882994756,0.6596058278810233,ok,0.03067478002049029,0.007960998544563787,0.01193670998327434
43,7.072085425024852,0.6597054179292172,ok,0.03192921099252999,0.007946396947991622,0.011941103031858802
44,7.143534863833338,0.6563784489408135,ok,0.032649046974256635,0.007895187925712406,0.011966316029429436
45,7.214606354013085,0.6604903140105307,ok,0.033852919936180115,0.007931967419159563,0.011966170044615865
46,7.286106442799792,0.6503515678923577,ok,0.026628362014889717,0.00789510131566019,0.011964912991970778
47,7.357471471885219,0.6503762339707464,ok,0.026636773953214288,0.007895297798198423,0.011956628877669573
48,7.428875932004303,0.6453131348825991,ok,0.026331469882279634,0.007835093682301762,0.011954033048823476
49,7.500199095811695,0.640183700947091,ok,0.02655060007236898,0.007767389481297776,0.01193959591910243
50,7.57235693000257,0.6409605678636581,ok,0.033741568913683295,0.007686203619748165,0.011966191930696368
51,7.6434134629089385,0.6283646579831839,ok,0.02670219913125038,0.007615871580105417,0.011919779935851693
52,7.714559070998803,0.6221641551237553,ok,0.02661055512726307,0.007538532516978021,0.01180306589230895
53,7.786760355811566,0.622168495086953,ok,0.03375765914097428,0.007448124935072434,0.011802952969446778
54,7.857826073886827,0.6091042370535433,ok,0.026664773002266884,0.007372541736245532,0.010388348950073123
55,7.929442684864625,0.6010449440218508,ok,0.027009811950847507,0.007266162935927321,0.00891770189628005
56,12.004279911983758,0.6429729359224439,ok,0.02346463198773563,0.007841690620289573,0.012380030006170273
57,12.072221718961373,0.6544125028885901,ok,0.03302593994885683,0.00786550335373871,0.01239982689730823
58,12.143941674847156,0.6545309729408473,ok,0.031901041977107525,0.00788124982279407,0.012398866936564445
59,12.21455506584607,0.6565256419125944,ok,0.031480113975703716,0.00791182927787304,0.012401023181155324
60,12.28586588986218,0.6603820640593767,ok,0.03078185790218413,0.007969479014672622,0.012379141990095377
61,12.357496540993452,0.6565177370794117,ok,0.030065828002989292,0.00792962799874382,0.012393118115141988
62,12.428677904885262,0.6573257660493255,ok,0.030033092945814133,0.007940211772470724,0.012379531050100923
63,12.500915784854442,0.6602875818498433,ok,0.02889039902947843,0.00799222579638509,0.012378924991935492
64,12.572313461918384,0.6597533000167459,ok,0.02977394312620163,0.00797428623949991,0.01210904004983604
65,12.64336438686587,0.6600824450142682,ok,0.031406366964802146,0.007957801190381752,0.012058324879035354
66,12.71528498083353,0.6559416821692139,ok,0.03166683414019644,0.007902093352514166,0.012107325019314885
67,12.786199596943334,0.6602230300195515,ok,0.03291961899958551,0.007940420038007859,0.012059279019013047
68,12.857707454822958,0.660066394135356,ok,0.033922482980415225,0.007925740926514697,0.012060206849128008
69,12.929073752835393,0.649450110970065,ok,0.02625856688246131,0.00788836064748466,0.012057792861014605
70,13.001010837964714,0.6598838679492474,ok,0.033281581941992044,0.0079315462167363,0.012108779978007078
71,13.072157997870818,0.659981990000233,ok,0.03412891994230449,0.00792204187534561,0.012064903043210506
72,13.14375548879616,0.6493724337778986,ok,0.02651695883832872,0.007884128405299933,0.012043274939060211
73,13.214795097941533,0.6502892069984227,ok,0.026665565790608525,0.00789384164588078,0.012043205089867115
74,13.2862935049925,0.6509864509571344,ok,0.026461402885615826,0.00790525895036474,0.012043501948937774
75,13.358158922987059,0.6587409449275583,ok,0.033615742810070515,0.0079127107982677,0.012038690969347954
76,13.429238268872723,0.6465234821662307,ok,0.02670314209535718,0.007845704417227756,0.01204353291541338
77,13.500587595859542,0.6416548909619451,ok,0.02626517997123301,0.007789646469858251,0.012042938964441419
78,13.57167696300894,0.6361041869968176,ok,0.02737405989319086,0.007705355039503001,0.012037334032356739
79,13.643835816998035,0.629664302803576,ok,0.026268018875271082,0.007637829911788996,0.012043170165270567
80,13.714828721946105,0.623477280838415,ok,0.02697397000156343,0.0075505864806473255,0.01140460092574358
81,13.78620862099342,0.617152509978041,ok,0.027663230895996094,0.007461783443754421,0.011362344957888126
82,13.858185090823099,0.610425828024745,ok,0.027499404037371278,0.007378635886773656,0.01138331089168787
83,13.929325124016032,0.6027659911196679,ok,0.028255037032067776,0.0072721794182788345,0.011391149833798409
84,18.002276695799083,0.6426326378714293,ok,0.023944051004946232,0.007831297997573886,0.015164108946919441
85,18.071615693857893,0.6528235098812729,ok,0.03133186209015548,0.007866780618441444,0.015177739085629582
86,18.143794358009472,0.6520584858953953,ok,0.029250178951770067,0.00788352220272056,0.015162026043981314
87,18.214963460806757,0.6558580370619893,ok,0.028800361091271043,0.007937192984656253,0.015173666877672076
88,18.286521741887555,0.6558922489639372,ok,0.027433199808001518,0.007955029571452473,0.01515650493092835
89,18.357382475864142,0.6600932159926742,ok,0.029277236899361014,0.007984877051196144,0.013791633071377873
90,18.428736618021503,0.6567813779693097,ok,0.029315270949155092,0.00794247608879416,0.013784100068733096
91,18.50026441598311,0.6603210198227316,ok,0.028928071027621627,0.007992117960430398,0.013872267911210656
92,18.571673680795357,0.6599718779325485,ok,0.028712062863633037,0.007990480760183138,0.013789921998977661
93,18.643122397828847,0.6568621729966253,ok,0.029101119842380285,0.007946203722135175,0.013789019081741571
94,18.714949065819383,0.6573265339247882,ok,0.029868215089663863,0.007942320631604783,0.014302697032690048
95,18.78663770481944,0.6615845111664385,ok,0.03010262711904943,0.007993266569992786,0.01426175911910832
96,18.857840950833634,0.6610599029809237,ok,0.033076858846470714,0.007949009178135591,0.014261152129620314
97,18.929021128918976,0.661115586059168,ok,0.03411161503754556,0.007936618178847093,0.014254791894927621
98,19.000178901012987,0.6504966199863702,ok,0.026648900937289,0.00789668047034382,0.014246875885874033
99,19.07223929394968,0.6608030111528933,ok,0.03369274502620101,0.007937956999256453,0.014268479077145457
100,19.14327019196935,0.6513528949581087,ok,0.026358352974057198,0.007911190935823171,0.014298573136329651
101,19.214379251934588,0.6524865149985999,ok,0.02666112408041954,0.007921673304436706,0.014221827033907175
102,19.286668363958597,0.6619109869934618,ok,0.03392604901455343,0.007949001748185558,0.014254772802814841
103,19.357422621920705,0.6597177609801292,ok,0.03557754890061915,0.007900366456471856,0.012095422018319368
104,19.42865924281068,0.6475179579574615,ok,0.028370745945721865,0.00783720186062723,0.011879355879500508
105,19.50069778901525,0.6419365520123392,ok,0.027665541041642427,0.007775468203604598,0.011866193963214755
106,19.5719047349412,0.6364692540373653,ok,0.027534716995432973,0.007707927090151212,0.011879191035404801
107,19.64373637898825,0.6302420909050852,ok,0.027440574020147324,0.00763030493738059,0.011868649860844016
108,19.71486520487815,0.6241749471519142,ok,0.028963737189769745,0.007534169111565887,0.012337154010310769
109,19.7864966688212,0.6175915559288114,ok,0.029094181023538113,0.007449232961369466,0.012302616843953729
110,19.857629013014957,0.611536730080843,ok,0.03011840907856822,0.007359614227367918,0.012301925802603364
111,19.928710544016212,0.603998787002638,ok,0.029647626914083958,0.007270125910946274,0.01232767291367054
112,24.00449894485064,0.6411735389847308,ok,0.02346126502379775,0.007818959302657956,0.015812366036698222
113,24.072323088999838,0.6532713600900024,ok,0.03248407202772796,0.00785788627860101,0.01581304590217769
114,24.14350353879854,0.6541620690841228,ok,0.03129042801447213,0.007884316379204392,0.01581143611110747
115,24.214875236852095,0.6552353680599481,ok,0.030306046130135655,0.007910343974569365,0.015792510006576777
116,24.286113740876317,0.6558511718176305,ok,0.02907709893770516,0.007933715555840467,0.01581220794469118
117,24.357453944860026,0.6568636600859463,ok,0.028491745004430413,0.007953878480328035,0.015812305035069585
118,24.42936557182111,0.6613804299850017,ok,0.03355135093443096,0.007947047659537838,0.012541655916720629
119,24.500971104949713,0.6613452979363501,ok,0.029316670959815383,0.008000220708501867,0.012320051901042461
120,24.571939032990485,0.6617463859729469,ok,0.029765669023618102,0.007999603353629384,0.012321281945332885
121,24.643033233936876,0.6618321591522545,ok,0.030599270947277546,0.007990142710719116,0.012379548978060484
122,24.715180965838954,0.6609648959711194,ok,0.031103397952392697,0.007972780759505268,0.012320464011281729
123,24.786582475993782,0.6604838769417256,ok,0.031537709990516305,0.00796119687206383,0.01232105097733438
124,24.857746611814946,0.6607731198891997,ok,0.03256989503279328,0.007951791277391058,0.012320960871875286
125,24.92877867189236,0.6607095960061997,ok,0.03447772702202201,0.007926834163645024,0.012307908153161407
126,25.00097555387765,0.6601315019652247,ok,0.034774943022057414,0.007915752480113053,0.012317541986703873
127,25.07219638884999,0.6493413839489222,ok,0.027778662042692304,0.007867744000911524,0.012308482080698013
128,25.143789540976286,0.6504113939590752,ok,0.027504638070240617,0.007884696444284313,0.012307191034778953
129,25.214894038857892,0.6505955830216408,ok,0.028207199880853295,0.007878182532525138,0.012130938936024904
130,25.286459882976487,0.6514976860489696,ok,0.02753582107834518,0.007898111972085472,0.012138070072978735
131,25.357664342969656,0.6520832639653236,ok,0.027687347028404474,0.007903587518118416,0.01210059504956007
132,25.428796462947503,0.6472576011437923,ok,0.027778667164966464,0.007841390784523344,0.012107630027458072
133,25.50012164399959,0.6425644280388951,ok,0.027693209005519748,0.007783085025281091,0.012084403075277805
134,25.571546448860317,0.6366602021735162,ok,0.02757931500673294,0.007709794533380036,0.012114350916817784
135,25.64363976288587,0.630421414040029,ok,0.02626764099113643,0.007647417441505609,0.011048645013943315
136,25.71456430084072,0.6245705869514495,ok,0.027066764887422323,0.007563235191038892,0.010965117951855063
137,25.786611138843,0.6177100620698184,ok,0.02744985814206302,0.007471517037859634,0.01419882895424962
138,25.857618228998035,0.6118483340833336,ok,0.028200353030115366,0.0073878341914402155,0.014184728031978011
139,25.928682169876993,0.604327297070995,ok,0.02968433895148337,0.007273855165260125,0.014188294066116214
140,30.003064728807658,0.6406711959280074,ok,0.024037030059844255,0.007805303240171339,0.012131409021094441
141,30.07159734494053,0.6516131949611008,ok,0.03248742991127074,0.007836844468536445,0.012132818112149835
142,30.142980301985517,0.653403865173459,ok,0.03138795401901007,0.007873468304383038,0.013688683975487947
143,30.215311235981062,0.6532602189108729,ok,0.029114264994859695,0.007900442733559051,0.013688084902241826
144,30.286414074944332,0.6547131140250713,ok,0.028469491051509976,0.00792699905194908,0.013720574090257287
145,30.35801637498662,0.6545215710066259,ok,0.027058955980464816,0.007942422039665376,0.013707963051274419
146,30.429565409896895,0.664502325002104,ok,0.03367938403971493,0.00798495245590523,0.013713788008317351
147,30.5007145779673,0.6544888250064105,ok,0.026723836082965136,0.007946247025687673,0.01370937516912818
148,30.57237608684227,0.6549565480090678,ok,0.02669136389158666,0.007952585798700023,0.013666710117831826
149,30.643514915835112,0.6560386079363525,ok,0.02756744995713234,0.007955189608626916,0.013710006140172482
150,30.715035422006622,0.6597113441675901,ok,0.03254783316515386,0.00793864572114205,0.011842570034787059
151,30.786779501941055,0.6594758538994938,ok,0.030095711816102266,0.007966679506168901,0.012001479975879192
152,30.858199210837483,0.6593120750039816,ok,0.030865682987496257,0.00795482401146636,0.012059050146490335
153,30.929623437812552,0.6554075588937849,ok,0.03150027897208929,0.00789741961922072,0.01205806084908545
154,31.000350385904312,0.6563636909704655,ok,0.03198741702362895,0.007903365430103827,0.012040540808811784
155,31.071785497944802,0.6566525918897241,ok,0.03158212290145457,0.007912140596021392,0.012023461051285267
156,31.142967364983633,0.6569516838062555,ok,0.03315718495287001,0.007895998087935622,0.012042401125654578
157,31.215191093971953,0.6597206108272076,ok,0.03264963789843023,0.007937410127230083,0.012057880870997906
158,31.286430991021916,0.6564946579746902,ok,0.033471956849098206,0.007886196342237953,0.012022380018606782
159,31.357388088013977,0.6501554020214826,ok,0.0266525789629668,0.007892287913945657,0.012058677151799202
160,31.428807004820555,0.6451569159980863,ok,0.026638161158189178,0.007829228454399147,0.01194141199812293
161,31.50025793001987,0.6395436539314687,ok,0.026035108836367726,0.0077658053546483755,0.01188108092173934
162,31.57184017682448,0.6410370978992432,ok,0.03323733597062528,0.007693579732853023,0.011942672077566385
163,31.643595357891172,0.634935564128682,ok,0.033198954071849585,0.007616823368198886,0.011941481148824096
164,31.71520083094947,0.6286782789975405,ok,0.033121532993391156,0.007538567833555273,0.011941244127228856
165,31.786544429836795,0.6225008608307689,ok,0.034020423889160156,0.007449016658754288,0.014226385159417987
166,31.8576013490092,0.6092521380633116,ok,0.026568155037239194,0.007375640405601338,0.014226655010133982
167,31.928688613930717,0.6087215158622712,ok,0.03460828890092671,0.00726715940687381,0.014226176077499986
168,36.004159949021414,0.6406126208603382,ok,0.02406118903309107,0.007804255732158317,0.012456955155357718
169,36.07248505880125,0.6514637300278991,ok,0.03240227699279785,0.007836054102812387,0.012466436019167304
170,36.143597083864734,0.652916416991502,ok,0.03159287013113499,0.00786465927781655,0.012066073017194867
171,36.21521196793765,0.6537383690010756,ok,0.030258994083851576,0.007891975797099781,0.012062714900821447
172,36.286236768821254,0.655439981026575,ok,0.029350701021030545,0.007925030062140166,0.012073406018316746
173,36.35787384491414,0.6556096668355167,ok,0.02844085288234055,0.007938686012632297,0.0120744570158422
174,36.4286963599734,0.6569516309536994,ok,0.02946943580172956,0.007942670154609258,0.012044910807162523
175,36.50012562191114,0.6601228031795472,ok,0.028553218115121126,0.007994389745017772,0.012060272973030806
176,36.5715584079735,0.6569362611044198,ok,0.028737182030454278,0.007951734696597428,0.012043884955346584
177,36.643494633957744,0.6573426979593933,ok,0.028777420055121183,0.007956332138067559,0.011726377066224813
178,36.714593971846625,0.6614744190592319,ok,0.029895046027377248,0.007994527126886423,0.01210239203646779
179,36.78623683191836,0.660922564798966,ok,0.030735753942281008,0.007976889922696202,0.01216783095151186
180,36.85762317082845,0.6596800819970667,ok,0.03206864511594176,0.007944319329424939,0.012156435986980796
181,36.92917798599228,0.6602251080330461,ok,0.032937179086729884,0.007940143441097646,0.012229344807565212
182,37.00050429580733,0.6564576621167362,ok,0.03340486902743578,0.007886591609095848,0.012267604004591703
183,37.07249604794197,0.6559749362058938,ok,0.03311970713548362,0.007884087960554075,0.012248406885191798
184,37.14313523587771,0.650138515047729,ok,0.026651443215087056,0.007892106491718677,0.012248300947248936
185,37.215330224018544,0.6604986640159041,ok,0.033592344960197806,0.007935378682811427,0.012265329947695136
186,37.28669843194075,0.6600571600720286,ok,0.03452928806655109,0.007917939708862879,0.012247459031641483
187,37.35753714479506,0.6499270580243319,ok,0.02718568709678948,0.007882688669016279,0.012266275007277727
188,37.4295714199543,0.6446470161899924,ok,0.02617023210041225,0.007828724620675173,0.012259562034159899
189,37.50037249480374,0.6397853088565171,ok,0.026711969869211316,0.0077603252551553745,0.012266986072063446
190,37.57181484880857,0.6339776359964162,ok,0.02651357278227806,0.007689329179569702,0.012036824133247137
191,37.64372818195261,0.6349260210990906,ok,0.032993288012221456,0.007619302684464787,0.011986724101006985
192,37.71519303997047,0.6283896961249411,ok,0.03361326013691723,0.007528718124745013,0.01203869003802538
193,37.78610229701735,0.6153623489663005,ok,0.02759635099209845,0.007439982620527661,0.012037764070555568
194,37.85744378902018,0.6090394030325115,ok,0.027626357972621918,0.007359568468778383,0.011779424967244267
195,37.92951201880351,0.6004510018974543,ok,0.026714944979175925,0.007262390277855382,0.009598723845556378
196,42.00297252484597,0.6415233251173049,ok,0.024410214042291045,0.007811359000168269,0.012939156964421272
197,42.07187869492918,0.6520171270240098,ok,0.03226874000392854,0.007844771064016261,0.012925433926284313
198,42.143089554971084,0.6523766031023115,ok,0.03094694809988141,0.007866060935974688,0.01290689897723496
199,42.21503069694154,0.652903372887522,ok,0.029299903893843293,0.007893555950892122,0.01293470081873238
200,42.28641558997333,0.6530446321703494,ok,0.02853236603550613,0.007905083077759304,0.012932406039908528
201,42.357237295014784,0.6543771161232144,ok,0.03070318093523383,0.007894421974786474,0.012108052847906947
202,42.42877715895884,0.6542238669935614,ok,0.029228196945041418,0.00791118546872388,0.011714017018675804
203,42.50041080988012,0.6547157459426671,ok,0.028649003012105823,0.007924765038975998,0.011668436927720904
204,42.57162082591094,0.6557680598925799,ok,0.02861582487821579,0.007938501988007109,0.011641790857538581
205,42.642946862848476,0.6563092879951,ok,0.029075443977490067,0.007939531314599364,0.011058385949581861
206,42.7146498139482,0.6578525588847697,ok,0.029137874953448772,0.007958282707730614,0.01165591599419713
207,42.78633657679893,0.6617795838974416,ok,0.02968292497098446,0.008001100127526287,0.011819823179394007
208,42.85752609488554,0.6618849879596382,ok,0.03011648287065327,0.00799694159539723,0.011865641921758652
209,42.92934260587208,0.6612235880456865,ok,0.030523448018357158,0.007983420011764275,0.011898201890289783
210,43.000372669892386,0.6614058238919824,ok,0.030973288929089904,0.007980028176208652,0.011897462885826826
211,43.0718665078748,0.6612031199038029,ok,0.03125855000689626,0.007973837769366329,0.011866574874147773
212,43.14386140089482,0.6607036399655044,ok,0.031824556877836585,0.007960362215467457,0.011897576041519642
213,43.215151264797896,0.6608617010060698,ok,0.032267007045447826,0.007956748291897246,0.01189756509847939
214,43.286023495020345,0.6608815561048687,ok,0.036267796996980906,0.007906373734644886,0.011897593969479203
215,43.358124990947545,0.6572309709154069,ok,0.03537977789528668,0.007871420924327795,0.011928028892725706
216,43.42881270800717,0.6456342618912458,ok,0.028647041879594326,0.007809861760610078,0.01189754088409245
217,43.50007833982818,0.6405198040883988,ok,0.02881378890015185,0.0077430076331277435,0.011715451953932643
218,43.572433162946254,0.6340464130043983,ok,0.027524834033101797,0.007677395238623589,0.011695870198309422
219,43.64364079898223,0.6283913790248334,ok,0.027802238008007407,0.007602310621568673,0.011742071947082877
220,43.71511501981877,0.6219126989599317,ok,0.02764751296490431,0.007522260646418303,0.011742994887754321
221,43.78643548581749,0.615627413848415,ok,0.028011086862534285,0.007438084025148161,0.011518849059939384
222,43.858085963875055,0.6091366349719465,ok,0.02752293087542057,0.007362095748156875,0.011349689913913608
223,43.9291995158419,0.6015975901391357,ok,0.02762560499832034,0.007265375378907104,0.008946409914642572
